id,first_name,last_name,email,gender,ip_address,date_of_birth
1,Karyl,Melmar,kmelmar0@sourceforge.net,Bigender,74.105.249.62,7/13/1995
2,Phip,Inwood,pinwood1@blogger.com,Male,107.211.26.58,1/11/2006
3,Fey,Happs,fhapps2@patch.com,Female,203.67.38.189,9/3/1978
4,Ronda,Snelling,rsnelling3@about.com,Female,12.200.185.95,2/5/2001
5,Holly,Lauret,hlauret4@squarespace.com,Female,75.89.84.82,11/1/2008
6,Ellerey,Leele,eleele5@springer.com,Male,60.150.146.101,4/6/1972
7,Jolie,Stidworthy,jstidworthy6@tinypic.com,Female,9.85.199.211,1/4/1996
8,Cully,Iacovielli,ciacovielli7@studiopress.com,Male,39.197.41.207,9/19/1989
9,Emerson,Greeveson,egreeveson8@gizmodo.com,Male,112.37.17.163,11/20/1985
10,Anselma,Sleeman,asleeman9@google.com.hk,Female,175.146.46.61,11/11/1980
11,Jaye,Perkis,jperkisa@storify.com,Male,27.30.165.54,6/21/1992
12,Cristin,Witty,cwittyb@alexa.com,Bigender,2.7.56.196,12/27/1963
13,Urbano,Barkway,ubarkwayc@wix.com,Male,49.238.20.177,5/9/1975
14,Maurise,Gilman,mgilmand@loc.gov,Male,58.20.115.168,8/15/1994
15,Dag,Skeemor,dskeemore@mozilla.org,Male,172.214.84.36,5/11/1978
16,Sanson,Haggus,shaggusf@irs.gov,Male,205.131.221.237,1/5/2004
17,Carissa,Colomb,ccolombg@php.net,Agender,87.186.140.69,3/2/1973
18,Odelle,Orrow,oorrowh@slideshare.net,Female,78.9.8.158,8/23/1966
19,Brunhilda,Sexton,bsextoni@uiuc.edu,Genderqueer,121.223.76.179,11/8/2006
20,Carole,Walklate,cwalklatej@nydailynews.com,Genderfluid,223.52.53.192,7/27/1989
21,Sharline,Pirozzi,spirozzik@sakura.ne.jp,Female,114.68.189.44,3/5/2002
22,Nonna,Wordley,nwordleyl@time.com,Female,18.25.190.173,11/17/1993
23,Nat,Redmond,nredmondm@forbes.com,Male,66.32.108.2,3/15/1971
24,Darby,Drackford,ddrackfordn@pinterest.com,Male,134.17.193.151,2/12/1983
25,Fredric,Goodliff,fgoodliffo@ucsd.edu,Male,79.61.234.212,1/9/1967
26,Cora,Gravell,cgravellp@jiathis.com,Female,223.133.96.122,10/13/1973
27,Alex,Penvarne,apenvarneq@skyrock.com,Female,172.22.108.139,1/14/1989
28,Whit,Ell,wellr@bravesites.com,Male,82.31.109.171,7/2/1964
29,Alvinia,Rofe,arofes@t-online.de,Female,227.81.47.57,9/23/2004
30,Selestina,Leeder,sleedert@opensource.org,Non-binary,132.183.53.75,9/27/1984
31,Abelard,Mundy,amundyu@theglobeandmail.com,Agender,33.68.64.231,6/29/1984
32,Cindie,McGrory,cmcgroryv@craigslist.org,Non-binary,246.218.110.61,11/11/1980
33,Allys,Gout,agoutw@adobe.com,Female,215.65.179.153,2/20/2004
34,Karen,Bownd,kbowndx@addthis.com,Female,223.86.51.50,3/10/1990
35,Rafe,Ricciardi,rricciardiy@123-reg.co.uk,Male,153.156.78.189,8/9/1981
36,Damaris,Rodnight,drodnightz@typepad.com,Female,146.53.235.44,11/4/1993
37,Lilyan,Skerme,lskerme10@linkedin.com,Female,0.207.1.47,5/7/2005
38,Nikola,Biasioni,nbiasioni11@webs.com,Male,90.94.241.227,11/1/1999
39,Walt,Benton,wbenton12@scribd.com,Male,250.72.39.119,11/10/1996
40,Ryon,Hillborne,rhillborne13@ibm.com,Male,125.202.177.195,10/30/1964
41,Fairleigh,Jozefczak,fjozefczak14@ted.com,Male,217.25.83.45,12/1/1973
42,Allyn,Damant,adamant15@t-online.de,Bigender,115.46.135.51,11/15/1996
43,Sadie,Tuckley,stuckley16@e-recht24.de,Female,149.169.11.71,7/17/2005
44,Woody,Coult,wcoult17@mac.com,Genderfluid,153.122.177.90,11/30/1991
45,Taite,Rosenfeld,trosenfeld18@gizmodo.com,Male,178.120.153.237,1/19/1968
46,Kit,Fante,kfante19@bizjournals.com,Female,168.67.80.248,5/30/1981
47,Maribelle,Hallock,mhallock1a@dion.ne.jp,Female,249.231.68.179,9/3/1988
48,Alonzo,Droogan,adroogan1b@vinaora.com,Male,148.138.56.80,12/21/1984
49,Erskine,Gingold,egingold1c@lulu.com,Male,244.198.187.197,12/9/1979
50,Rich,Verty,rverty1d@soundcloud.com,Male,97.185.15.228,2/5/1973
51,Teodoor,Shone,tshone1e@bloglines.com,Male,129.117.220.165,7/20/2008
52,Al,Partlett,apartlett1f@joomla.org,Male,33.64.18.61,12/23/1996
53,Sheryl,Forte,sforte1g@list-manage.com,Agender,179.132.100.232,7/24/1989
54,Marin,Mullally,mmullally1h@soup.io,Agender,183.99.185.189,2/19/1994
55,Rahel,Hardman,rhardman1i@comsenz.com,Bigender,30.147.148.6,3/29/1978
56,Luz,Scanlon,lscanlon1j@photobucket.com,Female,125.252.9.209,11/16/1968
57,Gabey,Mauchline,gmauchline1k@xinhuanet.com,Female,233.91.176.246,3/13/2006
58,Marilee,Yeaman,myeaman1l@scribd.com,Female,209.79.121.81,7/15/1974
59,Jens,Molyneaux,jmolyneaux1m@quantcast.com,Male,82.227.97.116,5/27/1993
60,Evin,Guard,eguard1n@storify.com,Male,138.182.122.182,12/19/2003
61,Peter,Korb,pkorb1o@blogs.com,Male,235.106.1.254,8/1/1990
62,Sigismundo,Lambard,slambard1p@jugem.jp,Non-binary,28.72.157.57,5/6/1989
63,Tiler,Newgrosh,tnewgrosh1q@hexun.com,Male,161.139.70.64,4/11/1982
64,Adrianna,Manvell,amanvell1r@flickr.com,Non-binary,238.87.234.163,4/27/1983
65,Agosto,Rhyme,arhyme1s@godaddy.com,Male,135.208.180.13,11/8/1967
66,Cristine,Reiglar,creiglar1t@is.gd,Female,227.226.252.131,1/7/1994
67,Biron,Quig,bquig1u@microsoft.com,Male,129.52.51.50,9/11/1982
68,Lynna,Mullins,lmullins1v@hubpages.com,Polygender,245.86.242.15,5/28/1972
69,Giustino,Grono,ggrono1w@time.com,Male,121.30.236.254,5/27/1973
70,Kyle,Rigge,krigge1x@blogtalkradio.com,Female,167.100.56.87,2/2/1987
71,Don,Nertney,dnertney1y@livejournal.com,Male,63.223.130.162,1/8/2008
72,Alane,Beadnell,abeadnell1z@dot.gov,Female,235.170.241.103,4/19/1981
73,Skipp,Gemmill,sgemmill20@quantcast.com,Male,153.179.211.64,8/25/1979
74,Neilla,Casiero,ncasiero21@arstechnica.com,Female,104.169.75.108,1/16/1993
75,Krispin,Harvard,kharvard22@privacy.gov.au,Male,237.165.134.135,2/27/1988
76,Tiffany,Blenkensop,tblenkensop23@alibaba.com,Female,247.95.178.247,12/20/2001
77,Darwin,Tant,dtant24@hud.gov,Male,15.216.213.102,11/14/1987
78,Theresa,Axe,taxe25@flavors.me,Female,136.6.178.180,4/24/1970
79,Esteban,Fancutt,efancutt26@wisc.edu,Male,72.143.181.65,2/28/1964
80,Sherwood,Hubbucke,shubbucke27@facebook.com,Male,107.179.82.104,5/17/1986
81,Constanta,Hounsom,chounsom28@fastcompany.com,Non-binary,16.211.222.174,1/2/1977
82,Casper,Tandey,ctandey29@fema.gov,Male,65.190.66.109,7/25/2005
83,Helaine,Messer,hmesser2a@slideshare.net,Female,97.125.80.32,5/20/1987
84,Jess,Plitz,jplitz2b@accuweather.com,Male,89.99.147.243,9/23/1978
85,Rutger,Uzielli,ruzielli2c@ftc.gov,Male,141.209.90.228,2/16/1970
86,Ella,Minogue,eminogue2d@apple.com,Female,62.177.226.120,6/16/1985
87,Herbert,Dilgarno,hdilgarno2e@fc2.com,Male,87.183.201.29,8/19/1965
88,Lyn,Gorstidge,lgorstidge2f@wired.com,Male,137.98.109.141,5/23/1985
89,Winston,Maynard,wmaynard2g@fema.gov,Male,190.111.179.45,5/6/2000
90,Em,Carl,ecarl2h@desdev.cn,Male,237.97.108.173,12/17/1994
91,Bastian,Andreopolos,bandreopolos2i@typepad.com,Male,71.186.21.162,6/7/2004
92,Delaney,Clapton,dclapton2j@stumbleupon.com,Male,136.254.124.143,2/27/1980
93,Reilly,Cescoti,rcescoti2k@reddit.com,Male,50.27.149.179,4/15/2000
94,Simonette,Somerfield,ssomerfield2l@ihg.com,Female,184.155.56.248,6/6/1961
95,Gloria,McEllen,gmcellen2m@51.la,Female,150.10.58.88,9/13/1995
96,Werner,Woolliams,wwoolliams2n@theatlantic.com,Male,88.81.177.19,3/7/1976
97,Agretha,Skryne,askryne2o@jugem.jp,Female,61.13.109.169,5/26/1989
98,Felipe,Undrell,fundrell2p@digg.com,Male,25.6.189.21,12/14/1975
99,Justin,Catchpole,jcatchpole2q@posterous.com,Male,94.102.123.206,12/10/1991
100,Andrej,Poulton,apoulton2r@blogspot.com,Male,4.216.65.93,12/31/1980
101,Gayla,Teacy,gteacy2s@facebook.com,Female,247.224.2.30,10/26/1983
102,Jemima,Wickens,jwickens2t@myspace.com,Female,65.70.130.179,2/20/1990
103,Melisa,Clissold,mclissold2u@posterous.com,Female,195.49.140.106,4/6/1999
104,Addison,Kohrt,akohrt2v@java.com,Male,243.129.141.59,6/10/1987
105,Randene,Batterbee,rbatterbee2w@epa.gov,Female,2.72.114.200,3/17/1979
106,Christophorus,Syphus,csyphus2x@cmu.edu,Male,28.241.178.55,5/13/2007
107,Der,Beedie,dbeedie2y@wsj.com,Male,114.37.59.110,7/13/1963
108,Leroy,Deakin,ldeakin2z@taobao.com,Male,74.33.19.196,3/9/1990
109,Katharina,Wolffers,kwolffers30@google.nl,Genderqueer,131.216.121.39,5/12/1961
110,Alastair,Jennions,ajennions31@bbb.org,Male,225.156.231.68,1/2/1961
111,Cati,Kempster,ckempster32@about.me,Female,94.123.80.196,11/18/1996
112,Dukey,Dressell,ddressell33@twitter.com,Male,209.175.34.211,12/8/1966
113,Meghann,Murrum,mmurrum34@shareasale.com,Female,102.168.56.123,1/16/2009
114,Kristine,Kinny,kkinny35@miitbeian.gov.cn,Female,143.193.189.252,11/25/1986
115,Austen,O'Hara,aohara36@state.tx.us,Male,45.141.93.242,3/13/1997
116,Zaneta,Meeron,zmeeron37@storify.com,Genderqueer,63.119.42.90,10/17/1996
117,Minette,Olkowicz,molkowicz38@simplemachines.org,Female,72.158.4.176,2/16/1983
118,Patrizius,Whitely,pwhitely39@free.fr,Male,26.255.104.189,1/15/2001
119,Munroe,Novello,mnovello3a@time.com,Male,224.205.145.226,10/27/1984
120,Delphinia,Maylott,dmaylott3b@earthlink.net,Female,229.79.143.108,12/27/1965
121,Murdock,Stobbes,mstobbes3c@yale.edu,Polygender,233.27.183.5,5/8/1981
122,Tina,Stemp,tstemp3d@ed.gov,Agender,173.11.197.97,9/4/1974
123,Danna,Wellesley,dwellesley3e@adobe.com,Female,209.145.193.204,7/19/1970
124,Fayth,Humphery,fhumphery3f@dyndns.org,Female,253.206.181.53,3/6/1981
125,Webb,Wittey,wwittey3g@nbcnews.com,Male,177.182.42.254,7/15/2005
126,Rosalie,Wessing,rwessing3h@oakley.com,Female,2.9.206.91,3/1/1985
127,Dorine,Boschmann,dboschmann3i@sciencedirect.com,Female,116.255.144.156,12/10/1979
128,Glennis,Steen,gsteen3j@wordpress.org,Female,225.49.86.86,2/17/1979
129,Astra,Gasking,agasking3k@statcounter.com,Female,29.197.134.59,6/3/1997
130,Ode,Simenel,osimenel3l@sbwire.com,Male,33.5.107.138,1/26/1974
131,Dot,Bode,dbode3m@accuweather.com,Female,120.12.78.19,3/13/2000
132,Georgena,Kort,gkort3n@economist.com,Female,102.33.194.50,10/18/1968
133,Belle,Persse,bpersse3o@wikipedia.org,Female,255.12.228.193,10/7/2005
134,Electra,Yateman,eyateman3p@forbes.com,Female,144.57.5.227,7/17/1976
135,Jillie,Villaret,jvillaret3q@goo.ne.jp,Female,192.238.88.181,2/18/1966
136,Asa,Lashford,alashford3r@networksolutions.com,Male,154.3.161.93,9/24/1972
137,Tore,Haveline,thaveline3s@skype.com,Male,227.212.183.218,10/20/1988
138,Hilda,Tute,htute3t@purevolume.com,Female,111.4.30.81,1/13/1988
139,Alvera,Niesel,aniesel3u@tuttocitta.it,Non-binary,150.86.29.135,7/22/1975
140,Benetta,Dahlen,bdahlen3v@gizmodo.com,Female,60.52.191.197,10/13/1993
141,Bartholemy,Tefft,btefft3w@posterous.com,Male,209.34.114.201,6/13/2001
142,Lane,Mackrill,lmackrill3x@apple.com,Male,16.63.180.107,12/10/1973
143,Filberto,Chesney,fchesney3y@bluehost.com,Male,207.0.195.160,7/20/2002
144,Allayne,Klimkin,aklimkin3z@yahoo.co.jp,Male,126.168.18.210,3/22/1988
145,Karia,Voss,kvoss40@wordpress.com,Female,216.70.94.90,1/21/1982
146,Georgi,Sancraft,gsancraft41@elpais.com,Male,51.220.247.236,4/7/2003
147,Turner,Kinzett,tkinzett42@sun.com,Male,119.22.74.162,7/9/1966
148,Boycey,Segeswoeth,bsegeswoeth43@forbes.com,Male,241.145.228.53,6/8/2000
149,Kiley,Coneron,kconeron44@photobucket.com,Male,215.105.188.185,7/8/1961
150,Emmie,Toovey,etoovey45@stanford.edu,Genderfluid,5.131.122.212,5/10/2002
151,Gale,Kiss,gkiss46@cbc.ca,Male,185.235.148.93,11/10/1982
152,Terrijo,Kopp,tkopp47@xrea.com,Female,243.163.196.73,2/8/2002
153,Kristian,Childe,kchilde48@soup.io,Male,70.85.40.188,4/30/2005
154,Kaia,Shinner,kshinner49@china.com.cn,Female,197.21.18.33,9/28/1996
155,Bron,Fullstone,bfullstone4a@parallels.com,Male,57.223.113.209,6/28/1967
156,Barbi,Swettenham,bswettenham4b@phoca.cz,Bigender,70.1.108.138,3/1/1990
157,Allys,Ragless,aragless4c@ovh.net,Female,33.89.168.201,2/9/1966
158,Efrem,Garlinge,egarlinge4d@twitpic.com,Male,79.226.138.138,7/25/2004
159,Dru,Wiskar,dwiskar4e@discovery.com,Male,186.166.192.108,2/17/1961
160,Karlik,Ledford,kledford4f@photobucket.com,Male,172.139.70.226,4/18/1988
161,Heath,Tedman,htedman4g@google.com,Male,192.142.113.100,4/21/2004
162,Stephie,Leary,sleary4h@purevolume.com,Female,185.77.19.85,5/16/1985
163,Madelle,Triner,mtriner4i@mail.ru,Female,188.180.255.98,9/6/1993
164,Hortense,Wooton,hwooton4j@com.com,Female,105.159.129.54,7/24/2002
165,Anstice,Revitt,arevitt4k@upenn.edu,Female,93.192.238.157,3/25/1988
166,Eleni,Musselwhite,emusselwhite4l@scientificamerican.com,Female,158.142.175.177,10/5/1994
167,Saleem,Purdy,spurdy4m@trellian.com,Male,27.212.255.26,2/13/1974
168,Blinni,Walthall,bwalthall4n@princeton.edu,Female,30.231.37.163,10/21/1999
169,Hobart,Bunworth,hbunworth4o@arstechnica.com,Male,167.20.129.90,4/23/1992
170,Nevin,Divine,ndivine4p@creativecommons.org,Male,172.194.168.179,7/3/1972
171,Rickert,Duigan,rduigan4q@wikimedia.org,Agender,161.102.48.111,8/25/1990
172,Annabelle,Dillon,adillon4r@furl.net,Agender,220.212.143.155,12/4/1982
173,Frankie,Jakoub,fjakoub4s@cpanel.net,Female,242.98.220.117,7/22/1991
174,Travers,Di Biasio,tdibiasio4t@mail.ru,Male,12.217.34.133,3/15/1988
175,Johnnie,Chateau,jchateau4u@ucoz.ru,Male,141.30.28.89,11/20/1961
176,Ricard,Raden,rraden4v@example.com,Male,52.165.170.143,9/26/1966
177,Dev,Broadberrie,dbroadberrie4w@usa.gov,Male,47.203.130.69,11/24/1971
178,Joellyn,Neumann,jneumann4x@moonfruit.com,Female,97.242.126.189,11/10/1988
179,Gaylord,Loreit,gloreit4y@artisteer.com,Non-binary,20.83.162.91,7/29/1965
180,Analise,Jodrellec,ajodrellec4z@fotki.com,Female,141.216.134.38,9/10/1979
181,Norean,Penvarne,npenvarne50@bigcartel.com,Female,196.229.42.226,8/29/1968
182,Zebulon,Samet,zsamet51@w3.org,Bigender,221.49.133.48,9/12/1960
183,Roseanne,Gresley,rgresley52@blinklist.com,Female,2.155.244.46,11/5/1975
184,Frederik,Swainger,fswainger53@smugmug.com,Male,249.220.117.82,2/13/1984
185,Norina,McFall,nmcfall54@ifeng.com,Female,19.56.66.180,7/10/1969
186,Neely,Craighill,ncraighill55@bbb.org,Female,104.19.54.127,11/13/1984
187,Brit,Mollon,bmollon56@aboutads.info,Male,247.12.29.153,3/2/1975
188,Marji,Milmoe,mmilmoe57@epa.gov,Female,18.101.111.152,2/15/2008
189,Calhoun,Guilloud,cguilloud58@admin.ch,Male,58.112.121.191,4/2/1969
190,Anatola,Paulitschke,apaulitschke59@mayoclinic.com,Female,204.210.45.112,10/6/1991
191,Derrick,Avramchik,davramchik5a@macromedia.com,Male,251.199.232.30,11/29/1994
192,Griselda,Brodeur,gbrodeur5b@livejournal.com,Female,146.247.28.173,6/16/1976
193,Franzen,Castellaccio,fcastellaccio5c@webeden.co.uk,Agender,45.232.211.154,1/28/1999
194,Reeta,Paolinelli,rpaolinelli5d@cam.ac.uk,Female,223.47.134.153,4/8/1961
195,Elwood,Heintzsch,eheintzsch5e@paginegialle.it,Male,164.99.238.197,3/3/1988
196,Annnora,Dillistone,adillistone5f@ask.com,Female,81.115.132.192,12/7/1987
197,Elwyn,Jeffs,ejeffs5g@cafepress.com,Male,32.122.38.34,12/1/1965
198,Ofelia,Resdale,oresdale5h@pbs.org,Female,218.21.156.49,5/21/2007
199,Curt,Aish,caish5i@engadget.com,Male,175.80.162.11,7/25/1984
200,Clyde,Dominique,cdominique5j@marketwatch.com,Male,149.215.10.178,11/22/1972
201,Dareen,Haslock(e),dhaslocke5k@example.com,Female,246.29.152.39,10/2/2001
202,Costanza,Nemchinov,cnemchinov5l@wikispaces.com,Female,103.135.124.54,4/23/1962
203,Amata,Gurrado,agurrado5m@ovh.net,Female,185.124.92.19,7/19/2009
204,Rodolfo,Emm,remm5n@surveymonkey.com,Male,168.171.52.108,5/8/1988
205,Elwood,Yakovitch,eyakovitch5o@jugem.jp,Male,205.201.246.236,5/9/1996
206,Maddy,Piatkowski,mpiatkowski5p@sun.com,Male,139.226.155.254,4/19/2007
207,Stephie,Pedlow,spedlow5q@is.gd,Female,18.169.84.148,10/22/1999
208,Jecho,Chasier,jchasier5r@psu.edu,Male,183.20.108.29,8/26/1989
209,Brandtr,Callow,bcallow5s@washingtonpost.com,Male,208.253.237.122,8/27/1982
210,Ginger,Crowd,gcrowd5t@samsung.com,Female,118.41.179.170,1/7/1990
211,Ted,Hand,thand5u@phpbb.com,Male,179.210.127.16,10/23/1991
212,Rowena,Winsbury,rwinsbury5v@ovh.net,Female,196.27.131.128,11/23/1999
213,Jason,Kersting,jkersting5w@loc.gov,Male,45.141.110.70,11/30/2003
214,Alica,Maber,amaber5x@mapy.cz,Female,224.119.211.76,8/30/1994
215,Auguste,Knowlys,aknowlys5y@google.nl,Female,222.216.220.227,4/13/2001
216,Peggy,Bidnall,pbidnall5z@mashable.com,Female,181.101.204.70,8/22/2001
217,Kingsly,Caple,kcaple60@ihg.com,Male,59.106.182.181,12/15/1978
218,Woody,Llorens,wllorens61@eventbrite.com,Male,50.26.112.97,7/25/1993
219,Arline,Trowsdale,atrowsdale62@gmpg.org,Female,109.119.11.49,2/14/1973
220,Hollis,Crippill,hcrippill63@washington.edu,Agender,177.23.45.10,1/22/1996
221,Morganne,Parrot,mparrot64@psu.edu,Female,218.221.6.6,11/25/1987
222,Jillayne,Crosland,jcrosland65@berkeley.edu,Female,167.137.195.147,6/6/1981
223,Nellie,Kingdom,nkingdom66@jugem.jp,Female,76.205.58.236,4/29/1976
224,Pall,Davidge,pdavidge67@smh.com.au,Genderqueer,16.223.34.239,3/15/1982
225,Patin,Streatfeild,pstreatfeild68@apache.org,Male,156.39.118.190,4/19/1974
226,Sherrie,Richardes,srichardes69@gizmodo.com,Non-binary,175.170.197.193,7/4/1961
227,Cora,Livesay,clivesay6a@tripod.com,Female,111.177.183.23,6/22/2007
228,Shaylyn,Saffin,ssaffin6b@ibm.com,Female,8.204.115.85,2/24/1994
229,Ebonee,Antonovic,eantonovic6c@google.co.jp,Female,54.118.28.111,8/8/2006
230,Prisca,Forrestor,pforrestor6d@epa.gov,Female,110.68.42.64,6/16/1987
231,Riane,Tubritt,rtubritt6e@issuu.com,Female,20.183.105.89,12/27/2004
232,Billye,Blagbrough,bblagbrough6f@dot.gov,Female,26.210.172.177,10/29/1996
233,Ola,Artois,oartois6g@cafepress.com,Female,1.222.100.220,4/27/1984
234,Rhea,Lingwood,rlingwood6h@chron.com,Female,94.173.144.108,5/6/2009
235,Cathleen,Andreazzi,candreazzi6i@usda.gov,Female,13.232.252.235,12/30/1985
236,Janifer,Allbones,jallbones6j@auda.org.au,Female,63.27.1.11,6/12/1967
237,Slade,Olivet,solivet6k@dyndns.org,Male,86.245.78.232,1/24/1969
238,Justine,Tingle,jtingle6l@cbsnews.com,Female,194.211.149.52,4/1/2007
239,Sloane,Beasleigh,sbeasleigh6m@merriam-webster.com,Male,136.190.83.175,6/17/1982
240,Foster,Longo,flongo6n@list-manage.com,Male,63.79.98.247,6/29/2008
241,Kora,Spelling,kspelling6o@woothemes.com,Female,112.108.199.42,5/6/1989
242,Penelope,Henriksson,phenriksson6p@spiegel.de,Female,2.202.68.44,12/19/1985
243,Cyrillus,Lelievre,clelievre6q@digg.com,Male,123.24.160.76,10/7/2000
244,Maridel,Dowsett,mdowsett6r@zdnet.com,Female,220.150.170.170,12/31/1979
245,Ileana,Lacotte,ilacotte6s@reference.com,Female,226.90.153.76,8/27/1977
246,Benny,Zavittieri,bzavittieri6t@webnode.com,Polygender,2.192.151.13,6/12/1973
247,Bathsheba,Dionisio,bdionisio6u@wikia.com,Female,103.193.23.240,1/13/1972
248,Cairistiona,Zincke,czincke6v@epa.gov,Female,240.86.89.34,3/25/1982
249,Geoff,Barkas,gbarkas6w@umn.edu,Male,33.229.47.63,2/2/1988
250,Brittney,Lording,blording6x@stanford.edu,Female,246.224.222.242,5/4/2005
251,Allistir,Duddell,aduddell6y@google.ca,Male,202.121.156.119,1/20/1966
252,Berni,Fend,bfend6z@answers.com,Female,215.24.217.88,6/5/1991
253,Syman,Gusney,sgusney70@nsw.gov.au,Male,65.248.255.212,5/24/1964
254,Ernestus,Lomansey,elomansey71@kickstarter.com,Male,201.66.41.133,4/14/1997
255,Deana,Gorrissen,dgorrissen72@goo.ne.jp,Female,166.132.107.176,12/9/2002
256,Noel,Eaglen,neaglen73@ehow.com,Female,237.203.237.31,9/16/1966
257,Niki,Sandwick,nsandwick74@jiathis.com,Male,20.212.160.255,10/11/1999
258,Hilliard,Whall,hwhall75@g.co,Male,39.197.4.161,9/28/1988
259,Amory,Sey,asey76@tamu.edu,Male,199.122.148.6,11/13/1988
260,Sydelle,Fishleigh,sfishleigh77@mashable.com,Female,67.89.74.61,9/24/1969
261,Doralyn,Sier,dsier78@nih.gov,Female,96.7.188.247,2/23/1963
262,Vivi,Coales,vcoales79@weather.com,Female,83.23.148.145,11/18/2008
263,Dari,Wilcockes,dwilcockes7a@msn.com,Female,6.81.252.184,8/5/1961
264,Kelbee,Creaser,kcreaser7b@domainmarket.com,Male,14.1.222.51,6/18/1966
265,Atlanta,Cursey,acursey7c@jugem.jp,Female,23.119.34.110,12/11/2007
266,Dolley,Kose,dkose7d@people.com.cn,Female,67.54.241.78,5/26/2005
267,Francesca,Joe,fjoe7e@a8.net,Polygender,83.93.230.66,10/20/1988
268,Allen,Lamprecht,alamprecht7f@rediff.com,Male,146.109.159.180,12/14/1991
269,Agnola,Sonley,asonley7g@howstuffworks.com,Female,51.27.199.139,5/1/1965
270,Kienan,Burgen,kburgen7h@mozilla.com,Male,120.29.199.185,11/17/1999
271,Carrie,Woolerton,cwoolerton7i@omniture.com,Female,152.170.197.5,12/30/1978
272,Karoline,Tomes,ktomes7j@washington.edu,Bigender,43.84.228.47,9/6/1994
273,Vlad,Teague,vteague7k@ebay.com,Non-binary,218.215.177.171,1/13/1995
274,Ed,Bovaird,ebovaird7l@creativecommons.org,Male,166.196.124.20,11/9/1985
275,Ernestine,Youngs,eyoungs7m@goo.ne.jp,Female,223.31.182.57,7/24/2004
276,Nickolaus,Cudbertson,ncudbertson7n@whitehouse.gov,Male,163.227.10.249,11/10/1982
277,Bride,Cuttings,bcuttings7o@un.org,Genderqueer,20.18.11.166,7/10/1964
278,Herb,Pimbley,hpimbley7p@slate.com,Male,139.64.53.147,5/6/2004
279,Orville,Water,owater7q@list-manage.com,Male,216.54.179.117,8/6/1994
280,Winfield,Mattingson,wmattingson7r@nyu.edu,Male,118.249.255.220,8/27/2009
281,Claude,Swapp,cswapp7s@about.com,Female,79.137.36.164,10/26/1961
282,Hinze,Deviney,hdeviney7t@businesswire.com,Male,117.249.65.32,8/26/1967
283,Hymie,Crofts,hcrofts7u@ed.gov,Male,214.39.2.239,12/15/1984
284,Brannon,Colpus,bcolpus7v@cbsnews.com,Male,161.146.120.255,7/7/2005
285,Ad,Anselm,aanselm7w@youku.com,Bigender,202.166.160.252,6/13/1981
286,Delcine,Wasielewski,dwasielewski7x@ucla.edu,Female,0.213.220.250,6/17/1962
287,Loutitia,Rulton,lrulton7y@samsung.com,Female,222.9.193.239,6/1/1972
288,Marietta,Gurnett,mgurnett7z@microsoft.com,Female,218.185.114.75,5/4/1977
289,Gregorio,McGeever,gmcgeever80@ustream.tv,Male,4.222.167.226,10/20/1994
290,Ricca,Brownscombe,rbrownscombe81@engadget.com,Female,20.61.24.183,10/14/2006
291,Eunice,Whitley,ewhitley82@livejournal.com,Female,57.172.65.157,11/14/1980
292,Lynnett,Farmar,lfarmar83@shutterfly.com,Female,131.176.12.140,11/24/1997
293,Kaiser,Daintrey,kdaintrey84@nymag.com,Male,173.176.99.148,1/14/2008
294,Tera,Wethered,twethered85@google.es,Female,6.238.13.235,2/6/2001
295,Nerte,Kullmann,nkullmann86@google.ca,Female,220.129.211.234,2/25/2005
296,Kermy,Beeson,kbeeson87@taobao.com,Male,132.254.157.197,6/6/2001
297,Joete,Snadden,jsnadden88@sciencedaily.com,Female,25.172.248.126,1/15/1986
298,Darbie,Brake,dbrake89@mapquest.com,Female,207.231.109.99,12/9/1985
299,Giulia,Catanheira,gcatanheira8a@opera.com,Female,83.231.52.82,4/6/1977
300,Derrek,Brann,dbrann8b@weebly.com,Male,164.17.121.85,10/5/1963
301,Lauralee,Fice,lfice8c@is.gd,Female,226.63.209.98,10/10/1990
302,Marcellina,O'Monahan,momonahan8d@marriott.com,Female,228.134.160.144,7/24/1982
303,Aldo,Linton,alinton8e@hatena.ne.jp,Male,172.243.152.186,6/2/1989
304,Doti,Brager,dbrager8f@shareasale.com,Female,25.76.235.229,6/6/1979
305,Archaimbaud,Rowden,arowden8g@youku.com,Male,148.103.116.167,12/28/1977
306,Faustine,Dossett,fdossett8h@youtube.com,Female,79.91.255.136,10/11/1964
307,Daryl,Scoyles,dscoyles8i@berkeley.edu,Female,48.111.29.108,2/16/1989
308,Malissa,Blaza,mblaza8j@fc2.com,Female,70.34.249.88,12/22/1981
309,Daisy,Brickner,dbrickner8k@howstuffworks.com,Female,130.197.99.174,10/27/1975
310,Lenard,Cleatherow,lcleatherow8l@usa.gov,Male,9.216.46.58,4/10/1965
311,Burnard,Koop,bkoop8m@sina.com.cn,Male,94.97.186.106,2/21/1962
312,Catrina,Russi,crussi8n@alibaba.com,Female,220.167.155.246,3/29/2009
313,Courtenay,Antognetti,cantognetti8o@harvard.edu,Female,24.22.86.176,1/21/1998
314,Ceil,Snibson,csnibson8p@seesaa.net,Female,113.3.242.177,8/5/1981
315,Quincy,Advani,qadvani8q@artisteer.com,Male,47.160.131.190,5/3/1977
316,Tadd,Maddra,tmaddra8r@tripod.com,Bigender,139.48.55.5,6/18/1983
317,Albert,Penkman,apenkman8s@nature.com,Male,107.88.84.49,5/7/1985
318,Lincoln,Scarse,lscarse8t@statcounter.com,Male,132.9.82.220,4/23/1987
319,Marlow,Iveagh,miveagh8u@harvard.edu,Male,51.234.254.115,6/23/2007
320,Fredrika,Driutti,fdriutti8v@nbcnews.com,Female,182.226.211.228,10/2/1984
321,Kippy,Bernardelli,kbernardelli8w@washingtonpost.com,Male,184.38.105.224,9/30/1963
322,Mikaela,Storks,mstorks8x@dedecms.com,Female,145.246.155.217,8/15/1990
323,Johannes,Grebert,jgrebert8y@histats.com,Male,86.23.91.176,10/16/1965
324,Tobey,Ferrillio,tferrillio8z@vk.com,Female,11.4.138.182,6/2/2009
325,Sharity,Clyde,sclyde90@dion.ne.jp,Female,249.143.34.141,5/2/2004
326,Bartlet,Podbury,bpodbury91@de.vu,Male,114.175.129.183,1/15/1970
327,Viviene,Stendall,vstendall92@typepad.com,Agender,80.239.141.180,12/9/1987
328,Alexis,Ince,aince93@engadget.com,Male,12.203.207.100,3/17/1971
329,Grover,Capini,gcapini94@example.com,Male,98.40.135.123,2/17/2007
330,Florry,Zanetto,fzanetto95@list-manage.com,Female,4.112.28.79,6/23/1979
331,Shay,Blencowe,sblencowe96@vk.com,Male,188.161.252.12,4/3/1972
332,Mabelle,MacVaugh,mmacvaugh97@miitbeian.gov.cn,Female,255.80.81.166,5/24/1975
333,Vitia,Brookshaw,vbrookshaw98@netvibes.com,Female,182.95.45.183,9/7/2008
334,Arty,Klosterman,aklosterman99@nationalgeographic.com,Male,115.89.43.182,9/14/1970
335,Moselle,Strainge,mstrainge9a@pen.io,Female,155.130.94.5,6/4/1968
336,Zebedee,Winckworth,zwinckworth9b@hp.com,Male,255.239.28.43,10/16/2004
337,King,Brandassi,kbrandassi9c@kickstarter.com,Male,252.118.192.54,8/26/1992
338,Zia,Derx,zderx9d@noaa.gov,Female,192.178.27.217,6/1/1982
339,Trudy,Morrieson,tmorrieson9e@about.me,Female,179.9.101.23,12/17/2003
340,Cyrill,Burdon,cburdon9f@diigo.com,Male,26.83.51.166,7/11/1967
341,Mortimer,Tieraney,mtieraney9g@chicagotribune.com,Male,243.77.230.7,3/24/1964
342,Jaquelyn,Atterbury,jatterbury9h@mlb.com,Female,216.150.109.45,7/4/1990
343,Ariadne,Heatley,aheatley9i@wp.com,Female,147.26.205.251,6/1/1983
344,Patrice,Bradly,pbradly9j@buzzfeed.com,Polygender,195.0.126.142,5/11/2006
345,Bryna,Escott,bescott9k@mtv.com,Female,212.26.58.31,5/26/1991
346,Adaline,Fairbrother,afairbrother9l@livejournal.com,Female,34.127.87.143,1/14/2008
347,Pepi,Giacomuzzi,pgiacomuzzi9m@sun.com,Female,88.153.212.215,11/23/1994
348,Dale,Guynemer,dguynemer9n@wiley.com,Male,111.235.156.240,2/9/1992
349,Johan,Cunney,jcunney9o@merriam-webster.com,Male,183.163.189.109,5/29/1988
350,Hanni,Dullard,hdullard9p@mail.ru,Female,0.113.0.244,11/2/1964
351,Corabel,Dahl,cdahl9q@vkontakte.ru,Female,249.53.28.198,4/26/1965
352,Wald,Vanyukhin,wvanyukhin9r@wsj.com,Male,203.78.240.255,4/16/1965
353,Zorah,Waddam,zwaddam9s@wix.com,Female,22.170.179.39,12/16/1972
354,Marius,Stoakes,mstoakes9t@cpanel.net,Male,143.250.45.64,8/25/1987
355,Alfonso,Jeromson,ajeromson9u@constantcontact.com,Male,27.46.153.91,5/28/2009
356,Basilio,Pantlin,bpantlin9v@zimbio.com,Male,63.51.63.3,12/11/1982
357,Linn,Marzelli,lmarzelli9w@shop-pro.jp,Female,245.37.152.28,4/25/1984
358,Gar,Regitz,gregitz9x@cargocollective.com,Male,51.7.129.250,7/25/1961
359,Lily,Gutierrez,lgutierrez9y@seesaa.net,Female,84.17.209.168,12/31/1994
360,Mona,Salsbury,msalsbury9z@hugedomains.com,Female,119.254.222.237,4/22/1974
361,Zorina,Klamp,zklampa0@zdnet.com,Female,206.75.149.158,2/18/1995
362,Marcelia,Havill,mhavilla1@nbcnews.com,Female,112.15.121.0,2/4/1981
363,Noah,Gumbrell,ngumbrella2@wikipedia.org,Male,87.109.104.110,3/18/1962
364,Anet,Ainscow,aainscowa3@chronoengine.com,Female,216.143.147.241,11/7/1981
365,Frants,Daymont,fdaymonta4@e-recht24.de,Genderqueer,211.244.26.41,10/11/1995
366,Bartholomew,Toffetto,btoffettoa5@nbcnews.com,Male,106.115.49.175,10/9/1998
367,Alf,Cobon,acobona6@w3.org,Male,214.121.72.130,2/26/1976
368,Fair,Junkin,fjunkina7@php.net,Male,124.33.131.207,5/15/1962
369,Vida,Hayfield,vhayfielda8@example.com,Female,96.78.213.129,4/26/2001
370,Arri,Connah,aconnaha9@baidu.com,Male,115.146.88.172,3/29/1988
371,Betteann,Lammerts,blammertsaa@nih.gov,Female,209.207.174.213,10/13/1960
372,Anestassia,de Glanville,adeglanvilleab@cisco.com,Female,223.64.176.61,10/12/1973
373,Prudy,Medina,pmedinaac@wufoo.com,Female,10.101.132.200,7/26/1961
374,Shel,Bracco,sbraccoad@privacy.gov.au,Female,0.204.140.59,2/9/1988
375,Lynsey,Cod,lcodae@noaa.gov,Female,197.52.182.244,6/29/1980
376,Rancell,Young,ryoungaf@oakley.com,Polygender,94.19.176.76,7/6/1963
377,Farrell,Menzies,fmenziesag@sfgate.com,Male,111.170.102.4,4/28/1985
378,Giacinta,Skamell,gskamellah@gravatar.com,Female,25.35.249.60,2/4/1967
379,Florrie,Tropman,ftropmanai@networksolutions.com,Female,198.162.31.79,6/24/1973
380,Demetre,Teaser,dteaseraj@theatlantic.com,Male,31.103.197.33,1/21/1963
381,Sissy,Osmond,sosmondak@instagram.com,Female,43.9.1.128,9/26/2005
382,Vail,Cornilli,vcornillial@theatlantic.com,Male,38.31.74.33,1/6/2008
383,Jase,Stebles,jsteblesam@dagondesign.com,Male,84.127.136.224,6/19/1986
384,Jerrilyn,Simyson,jsimysonan@wikipedia.org,Female,117.46.26.175,5/1/1972
385,Malvina,Scotland,mscotlandao@disqus.com,Female,226.55.59.103,10/5/1961
386,Ruddie,Duinkerk,rduinkerkap@accuweather.com,Male,27.61.181.214,8/23/1982
387,Garry,Golde,ggoldeaq@pen.io,Male,222.235.187.193,8/4/2002
388,Dara,McPhate,dmcphatear@a8.net,Polygender,42.26.41.224,2/16/1964
389,Renado,Prudence,rprudenceas@godaddy.com,Male,10.15.29.222,1/21/2001
390,Marion,Deyenhardt,mdeyenhardtat@amazon.com,Male,178.37.103.104,1/2/1996
391,Tally,McGeady,tmcgeadyau@google.nl,Male,117.39.153.20,8/29/1971
392,Kippar,Rean,kreanav@hud.gov,Male,204.176.244.70,6/8/1985
393,Giacomo,McArt,gmcartaw@time.com,Male,218.236.18.108,4/27/2001
394,Isadore,Paggitt,ipaggittax@lulu.com,Male,254.103.6.180,11/15/1960
395,Melania,Blaisdell,mblaisdellay@hugedomains.com,Female,148.106.198.108,1/30/1971
396,Raul,Peschka,rpeschkaaz@t.co,Male,127.40.68.30,2/16/1974
397,Denise,Guitt,dguittb0@theatlantic.com,Female,8.130.41.87,4/4/1998
398,Evelyn,Jantot,ejantotb1@huffingtonpost.com,Male,191.122.203.132,3/21/1997
399,Meggi,Littleproud,mlittleproudb2@newyorker.com,Female,124.64.207.209,1/12/1967
400,Dorian,Shipway,dshipwayb3@booking.com,Male,252.232.127.154,1/13/1978
401,Marie,Snow,msnowb4@weebly.com,Female,108.215.128.152,9/13/1989
402,Darbee,Ciccotti,dciccottib5@shinystat.com,Male,129.247.1.83,9/11/1993
403,Katharina,Warbey,kwarbeyb6@blogs.com,Female,138.99.234.81,10/26/1992
404,Jared,Basnett,jbasnettb7@jigsy.com,Male,107.115.34.54,7/23/1965
405,Margi,Whiffen,mwhiffenb8@webeden.co.uk,Non-binary,196.85.80.60,7/5/1970
406,Georgianne,Driffe,gdriffeb9@rediff.com,Female,107.231.114.135,11/25/1982
407,Cati,Stetson,cstetsonba@jalbum.net,Female,64.230.179.116,1/18/1987
408,Yulma,Moisey,ymoiseybb@engadget.com,Male,14.68.125.212,9/25/1981
409,Evelin,MacAree,emacareebc@harvard.edu,Male,65.91.121.154,1/26/2003
410,Adolphus,Buie,abuiebd@fda.gov,Male,130.178.68.65,3/9/1990
411,Tucker,Laurenson,tlaurensonbe@php.net,Male,18.172.117.89,1/16/1978
412,Andrea,Fitzsymon,afitzsymonbf@google.it,Male,75.170.121.129,5/9/1968
413,Iosep,Cousins,icousinsbg@columbia.edu,Genderqueer,151.230.216.232,6/30/1982
414,Hewitt,Hemmingway,hhemmingwaybh@jimdo.com,Male,103.211.90.240,12/8/1960
415,Katharyn,Houdmont,khoudmontbi@google.ca,Female,244.169.207.211,8/2/1991
416,Carroll,Sertin,csertinbj@huffingtonpost.com,Male,164.198.125.231,6/26/1999
417,Jobi,Davie,jdaviebk@deliciousdays.com,Agender,211.159.39.39,6/15/1972
418,Mervin,Zamorano,mzamoranobl@spiegel.de,Male,102.252.92.121,3/10/1973
419,Babbette,Colquyte,bcolquytebm@google.de,Bigender,30.112.105.38,8/25/1987
420,Rick,Shurville,rshurvillebn@g.co,Male,232.6.64.174,9/17/1986
421,Elsa,Murrhaupt,emurrhauptbo@wufoo.com,Female,234.233.167.9,1/20/1980
422,Melisenda,Skyram,mskyrambp@cpanel.net,Female,94.169.230.59,5/27/1968
423,Ellary,Stretton,estrettonbq@gizmodo.com,Male,217.174.204.5,12/22/1991
424,Felicio,Groome,fgroomebr@sciencedirect.com,Male,214.86.119.179,2/3/1980
425,Mitchell,Scamerden,mscamerdenbs@huffingtonpost.com,Male,168.16.35.198,10/14/1978
426,Maria,Francois,mfrancoisbt@aol.com,Female,246.244.42.55,8/12/1982
427,Zebedee,Samart,zsamartbu@java.com,Male,198.111.120.248,7/27/1961
428,Alethea,Mugridge,amugridgebv@over-blog.com,Female,120.153.223.196,6/16/1995
429,Bella,Maryska,bmaryskabw@ucoz.ru,Female,123.83.208.146,9/5/1980
430,Enrica,Bayston,ebaystonbx@ca.gov,Female,54.234.104.4,5/26/2009
431,Eward,Castillon,ecastillonby@live.com,Male,73.230.250.203,8/26/1987
432,Bordie,Petrashov,bpetrashovbz@google.com.hk,Male,113.111.98.26,2/23/1975
433,Ruby,Halgarth,rhalgarthc0@surveymonkey.com,Male,162.5.81.149,12/23/1974
434,Adan,Hultberg,ahultbergc1@photobucket.com,Male,21.139.105.244,3/12/2000
435,Fields,Shuttlewood,fshuttlewoodc2@zimbio.com,Male,51.201.154.32,11/24/1968
436,Zacharia,Frayling,zfraylingc3@foxnews.com,Male,213.54.59.97,4/26/1993
437,Stacy,Elvidge,selvidgec4@wordpress.org,Male,135.129.193.245,9/28/2001
438,Tasha,Eshelby,teshelbyc5@chicagotribune.com,Female,48.144.111.231,2/4/1967
439,Codie,Tamlett,ctamlettc6@posterous.com,Male,85.133.222.80,5/11/1961
440,Bary,Brandreth,bbrandrethc7@google.nl,Male,165.227.45.44,10/14/1975
441,Ichabod,Gieves,igievesc8@nationalgeographic.com,Male,210.100.224.120,5/5/1966
442,Barry,Edeson,bedesonc9@delicious.com,Bigender,219.82.100.101,9/1/1968
443,Eward,Glasser,eglasserca@desdev.cn,Bigender,94.27.180.199,3/20/1962
444,Joanne,Burkin,jburkincb@themeforest.net,Genderqueer,44.80.214.76,8/2/2005
445,Johnny,Janicki,jjanickicc@redcross.org,Male,87.12.243.160,6/3/1973
446,Pietro,Tyght,ptyghtcd@hc360.com,Male,199.198.121.199,11/17/1970
447,Kimberly,Bunch,kbunchce@weather.com,Female,169.182.86.113,8/12/1991
448,Bobbe,Waddell,bwaddellcf@trellian.com,Female,4.85.199.85,7/14/1979
449,Lorrie,Zanussii,lzanussiicg@dropbox.com,Female,197.189.2.65,7/1/2000
450,Tera,Youthed,tyouthedch@goodreads.com,Female,148.201.48.217,7/23/1974
451,Axel,Tomankiewicz,atomankiewiczci@e-recht24.de,Male,224.176.129.158,10/24/1994
452,Ann-marie,Lukash,alukashcj@livejournal.com,Female,135.77.149.43,10/8/1969
453,Andrew,Nellies,anelliesck@nationalgeographic.com,Male,98.44.42.132,8/16/1972
454,Karlie,Kimbury,kkimburycl@networkadvertising.org,Female,35.164.69.47,1/24/2005
455,Hugh,Huggon,hhuggoncm@umich.edu,Male,175.195.6.227,1/25/1971
456,Burr,Larn,blarncn@biblegateway.com,Male,17.113.1.127,4/26/2001
457,Daisey,Bloss,dblossco@wired.com,Female,91.90.243.127,9/14/2009
458,Theodoric,Gemeau,tgemeaucp@latimes.com,Male,84.129.101.145,7/21/1998
459,Carita,Edds,ceddscq@sohu.com,Female,56.219.94.158,10/19/1972
460,Magdalene,Preedy,mpreedycr@mediafire.com,Female,224.1.82.60,2/29/1976
461,Patrizio,Franckton,pfrancktoncs@weibo.com,Male,107.84.28.114,9/15/2000
462,Allissa,Legging,aleggingct@prnewswire.com,Female,255.109.119.46,4/7/2004
463,Cora,MacElholm,cmacelholmcu@vimeo.com,Female,29.115.251.186,6/4/1974
464,Junette,Humblestone,jhumblestonecv@cdc.gov,Female,19.81.165.16,6/1/1968
465,Pinchas,Skingley,pskingleycw@qq.com,Male,163.84.64.116,12/14/1998
466,Demott,Sigg,dsiggcx@va.gov,Male,60.55.55.152,1/26/1995
467,Ray,Sails,rsailscy@bizjournals.com,Female,229.240.75.65,3/20/1976
468,Kristofor,McLarnon,kmclarnoncz@google.ca,Male,34.19.227.127,6/15/1963
469,Elena,Roderick,eroderickd0@constantcontact.com,Female,62.41.33.3,4/17/1986
470,Ange,Sussams,asussamsd1@shutterfly.com,Male,90.103.241.189,5/3/1964
471,Dylan,Lydiard,dlydiardd2@sbwire.com,Male,79.212.55.48,2/5/1968
472,Lucinda,Buckett,lbuckettd3@amazon.com,Female,188.222.237.140,11/18/1963
473,Arda,Klemps,aklempsd4@apache.org,Female,94.210.145.167,8/17/1976
474,Melvyn,Yewdall,myewdalld5@weather.com,Male,245.100.154.230,5/25/1993
475,Percival,Ganter,pganterd6@globo.com,Male,42.120.20.1,8/14/1962
476,Harald,Mulholland,hmulhollandd7@w3.org,Male,140.124.180.140,8/25/1990
477,Arvin,Cossins,acossinsd8@bbb.org,Male,6.236.129.196,8/14/1994
478,Rolfe,Irdale,rirdaled9@shutterfly.com,Male,207.251.68.218,12/6/1973
479,Kiele,Boichat,kboichatda@cnn.com,Female,137.157.1.75,9/16/1962
480,Farlie,Jayne,fjaynedb@earthlink.net,Male,91.211.132.21,1/30/2002
481,Izaak,Woltman,iwoltmandc@netscape.com,Male,225.222.229.198,6/19/2000
482,Dunn,Beardwood,dbeardwooddd@ihg.com,Male,183.134.51.190,1/14/1987
483,Evanne,Neame,eneamede@craigslist.org,Female,16.217.74.163,5/16/1968
484,Danita,Langsbury,dlangsburydf@webeden.co.uk,Female,22.157.245.115,1/18/1965
485,Iris,Feast,ifeastdg@dot.gov,Female,252.215.137.225,4/27/1963
486,Korie,Barday,kbardaydh@icq.com,Female,46.14.11.64,10/16/2005
487,Carly,Cullerne,ccullernedi@ehow.com,Female,23.0.157.202,9/30/1984
488,Brandise,Linzee,blinzeedj@dailymail.co.uk,Female,211.4.242.119,10/19/1990
489,Ruperta,Geffcock,rgeffcockdk@businesswire.com,Female,194.152.59.136,10/27/1997
490,Curcio,Lasty,clastydl@jalbum.net,Male,78.66.143.109,9/18/1969
491,Madelin,Mowle,mmowledm@cornell.edu,Genderfluid,244.21.240.241,12/30/1961
492,Ingaborg,Danne,idannedn@bbc.co.uk,Female,147.107.67.62,7/7/1987
493,Grata,Bick,gbickdo@google.com.br,Female,11.138.85.52,7/5/1982
494,Tedd,Willoughley,twilloughleydp@homestead.com,Male,157.188.93.213,1/20/1973
495,Davy,Donavan,ddonavandq@amazon.co.uk,Male,126.211.188.41,12/20/2004
496,Luigi,Empringham,lempringhamdr@alexa.com,Male,87.231.217.37,9/22/2005
497,Paola,Knolles-Green,pknollesgreends@google.com.br,Female,126.217.69.202,1/7/1980
498,Sisely,Mouat,smouatdt@businesswire.com,Genderqueer,233.84.156.161,5/30/1997
499,Michal,Kyd,mkyddu@smh.com.au,Male,85.18.157.157,11/15/1986
500,Maud,Cokely,mcokelydv@photobucket.com,Female,188.177.21.0,11/16/1965
501,Iosep,Geaves,igeavesdw@usda.gov,Male,245.7.212.159,9/17/1982
502,Lanie,Mazonowicz,lmazonowiczdx@opensource.org,Female,64.151.108.45,6/28/1967
503,Marie-jeanne,Mewburn,mmewburndy@addthis.com,Female,2.23.188.151,6/11/1968
504,Serene,Hayler,shaylerdz@tumblr.com,Female,124.15.222.60,12/22/1991
505,Mordy,Budge,mbudgee0@howstuffworks.com,Male,54.157.251.197,2/10/1985
506,Avery,Dwyer,adwyere1@arstechnica.com,Male,47.150.146.163,5/8/1971
507,Godart,Gyse,ggysee2@arstechnica.com,Male,217.217.27.185,4/21/2008
508,Ward,Ticic,wticice3@mozilla.org,Male,214.43.212.202,2/21/1973
509,Yves,Elgy,yelgye4@telegraph.co.uk,Male,54.66.17.166,6/23/1969
510,Kit,Manlow,kmanlowe5@so-net.ne.jp,Male,181.192.185.73,8/23/1988
511,Osbert,Bibb,obibbe6@tripadvisor.com,Male,226.51.7.128,6/15/1965
512,Andreas,Shiel,ashiele7@chronoengine.com,Non-binary,168.64.239.122,10/11/1974
513,Maddy,Jalland,mjallande8@123-reg.co.uk,Male,17.134.29.142,3/21/1990
514,Dorri,Irnys,dirnyse9@mit.edu,Female,118.108.152.223,9/20/1962
515,Arabella,MacGown,amacgownea@pcworld.com,Female,108.89.139.63,1/20/1992
516,Arman,Navarro,anavarroeb@youku.com,Male,226.139.128.12,2/21/1981
517,Ardelle,Zuanazzi,azuanazziec@google.cn,Female,24.201.53.212,11/9/1960
518,Tressa,Desforges,tdesforgesed@themeforest.net,Bigender,125.242.180.222,2/14/1999
519,Corly,Selwood,cselwoodee@miitbeian.gov.cn,Female,198.31.177.108,1/11/1997
520,Robinson,Wornum,rwornumef@webnode.com,Male,192.62.100.136,6/17/1993
521,Deane,Salvatore,dsalvatoreeg@craigslist.org,Bigender,7.150.38.160,10/17/1981
522,Jaquelin,Sex,jsexeh@domainmarket.com,Female,237.250.21.103,1/15/1988
523,Larry,Bellows,lbellowsei@home.pl,Male,73.23.147.215,9/24/1984
524,Blakelee,Keling,bkelingej@tamu.edu,Female,10.125.245.55,3/5/1974
525,Eal,Raleston,eralestonek@godaddy.com,Male,144.124.92.141,8/6/1969
526,Phil,Ghidoni,pghidoniel@bizjournals.com,Male,51.24.109.19,9/17/1963
527,Padget,Thackeray,pthackerayem@biblegateway.com,Male,192.209.120.220,9/22/1972
528,Odella,Gopsill,ogopsillen@wordpress.org,Female,49.30.171.81,10/11/1976
529,Enid,Aspenlon,easpenloneo@spiegel.de,Female,88.204.117.52,12/14/1985
530,Micaela,Lodwig,mlodwigep@dyndns.org,Female,252.68.247.58,4/13/1981
531,Amata,Cornwell,acornwelleq@tinypic.com,Genderqueer,163.67.174.202,6/28/1965
532,Tonya,Sinott,tsinotter@ameblo.jp,Female,77.195.112.118,6/24/2004
533,Victoir,Scargill,vscargilles@ning.com,Male,111.69.180.251,4/19/1995
534,Balduin,Moakler,bmoakleret@exblog.jp,Male,47.90.188.218,12/17/2008
535,Artemis,Deviney,adevineyeu@alexa.com,Male,230.78.206.163,1/8/1970
536,Justen,Downer,jdownerev@hc360.com,Male,64.82.19.85,11/14/1978
537,Reamonn,Walczak,rwalczakew@indiatimes.com,Male,103.88.235.51,4/5/2002
538,Corly,Kinneally,ckinneallyex@deviantart.com,Female,13.22.146.175,2/16/1962
539,Tedra,Vasyutochkin,tvasyutochkiney@vinaora.com,Female,28.59.149.68,9/3/1960
540,Kelli,Markel,kmarkelez@google.nl,Female,148.31.151.107,7/4/1990
541,Chrysler,Peers,cpeersf0@etsy.com,Female,143.6.92.255,8/11/1967
542,Amandie,Saich,asaichf1@earthlink.net,Female,151.48.203.106,2/12/1993
543,Van,Fosten,vfostenf2@domainmarket.com,Male,86.64.145.195,3/16/1985
544,Corissa,Audritt,caudrittf3@aol.com,Female,112.166.251.163,11/27/1994
545,Ignace,Tynan,itynanf4@barnesandnoble.com,Male,177.79.121.151,2/16/2007
546,Nikita,Innocent,ninnocentf5@meetup.com,Male,96.248.23.27,6/4/1971
547,Christy,Reignolds,creignoldsf6@webmd.com,Female,169.5.63.8,9/14/1970
548,Sauncho,Creeghan,screeghanf7@etsy.com,Male,27.244.187.106,3/7/1992
549,Bobette,Gladwell,bgladwellf8@example.com,Female,48.35.224.247,3/20/1995
550,Fitz,Larner,flarnerf9@patch.com,Male,249.143.151.43,11/21/1961
551,Clerc,Clawsley,cclawsleyfa@hp.com,Male,157.41.62.26,2/5/1995
552,Alwyn,Chisman,achismanfb@imageshack.us,Male,47.185.86.180,8/9/1981
553,Ogden,Kidsley,okidsleyfc@digg.com,Male,9.11.57.229,9/30/1983
554,Roxy,Wittier,rwittierfd@lycos.com,Female,168.125.189.197,8/24/1975
555,Philbert,South,psouthfe@tamu.edu,Genderfluid,111.124.61.138,3/19/1999
556,Ardyce,Marin,amarinff@independent.co.uk,Female,24.171.10.53,8/17/1963
557,Wandie,Janus,wjanusfg@berkeley.edu,Female,254.210.42.32,7/24/1976
558,Lesya,Rymer,lrymerfh@gravatar.com,Genderqueer,199.178.25.76,3/3/1969
559,Rikki,Bellocht,rbellochtfi@va.gov,Male,193.122.81.73,2/21/2009
560,Marten,Jirek,mjirekfj@trellian.com,Male,233.57.164.64,12/29/1990
561,Boote,Trimming,btrimmingfk@who.int,Male,199.96.247.138,7/19/2000
562,Fifi,Cosgreave,fcosgreavefl@whitehouse.gov,Female,172.56.194.152,3/12/1965
563,Blakeley,Heggie,bheggiefm@technorati.com,Female,41.147.244.173,4/13/1999
564,Ernie,Biddwell,ebiddwellfn@seattletimes.com,Male,23.42.121.190,7/5/1990
565,Teodorico,Howse,thowsefo@yolasite.com,Male,102.39.42.80,11/21/1989
566,Ara,Rosentholer,arosentholerfp@cam.ac.uk,Non-binary,5.164.10.61,3/4/1978
567,Reamonn,Rhucroft,rrhucroftfq@phpbb.com,Male,79.92.133.27,5/1/1973
568,Isaac,Wildblood,iwildbloodfr@eventbrite.com,Male,244.244.129.67,6/9/1971
569,Henry,Forst,hforstfs@mtv.com,Male,191.193.222.254,10/7/1999
570,Ariela,Lympany,alympanyft@narod.ru,Female,134.116.190.90,4/1/1988
571,Desiri,Ebbing,debbingfu@google.com,Female,215.230.164.32,4/15/1991
572,Kiley,Ricker,krickerfv@yellowbook.com,Female,196.124.244.69,12/8/1989
573,Heddi,Jozaitis,hjozaitisfw@tmall.com,Female,78.136.5.60,10/17/2008
574,Papageno,Stagge,pstaggefx@bloomberg.com,Male,44.151.177.166,11/15/2008
575,Ranice,Kalinsky,rkalinskyfy@uiuc.edu,Female,53.222.171.185,10/8/1973
576,Alejandra,Vaughn,avaughnfz@yellowpages.com,Female,244.233.162.151,3/22/1993
577,Gisella,Sloper,gsloperg0@statcounter.com,Female,80.7.66.223,7/26/1976
578,Denice,Latimer,dlatimerg1@xrea.com,Female,58.187.170.234,12/22/1995
579,Helen,Kayzer,hkayzerg2@etsy.com,Female,192.76.23.220,2/21/2007
580,Constantina,Seage,cseageg3@jigsy.com,Female,116.60.92.56,4/9/1993
581,Claire,Ternott,cternottg4@homestead.com,Female,170.81.55.156,12/10/1962
582,Emily,Goodband,egoodbandg5@issuu.com,Female,11.208.189.195,12/21/1990
583,Mort,Denyer,mdenyerg6@techcrunch.com,Male,175.161.157.78,5/9/2001
584,Lyon,Websdale,lwebsdaleg7@g.co,Male,247.160.153.156,3/4/1993
585,Dawna,Colaton,dcolatong8@tripadvisor.com,Female,56.207.100.217,11/19/1967
586,Kare,Tabbitt,ktabbittg9@uol.com.br,Female,104.19.11.13,4/29/1970
587,Ebony,Tritton,etrittonga@europa.eu,Female,147.122.247.129,3/2/1987
588,Shea,Crosetto,scrosettogb@facebook.com,Male,74.149.118.195,7/3/1993
589,Barrie,Pressland,bpresslandgc@disqus.com,Female,61.240.237.106,10/22/1990
590,Jania,Sheppard,jsheppardgd@fda.gov,Female,202.53.196.170,6/20/1981
591,Chance,Smallcomb,csmallcombge@nps.gov,Male,23.173.84.252,4/23/1961
592,Odette,Plan,oplangf@amazonaws.com,Female,224.117.246.217,6/14/1976
593,Goldina,Oldroyde,goldroydegg@ycombinator.com,Female,89.180.217.43,4/30/1982
594,Jenilee,Cowhig,jcowhiggh@de.vu,Female,53.231.209.61,4/6/1979
595,Aigneis,Nye,anyegi@hud.gov,Female,110.51.225.21,2/8/1987
596,Iain,Rudsdell,irudsdellgj@twitpic.com,Male,122.214.137.118,2/1/1995
597,Shea,Sponder,sspondergk@nationalgeographic.com,Female,75.139.68.21,8/25/2009
598,Robert,Valens-Smith,rvalenssmithgl@examiner.com,Male,74.194.177.81,2/21/1990
599,Lynnell,Taverner,ltavernergm@gov.uk,Polygender,215.195.43.43,2/18/2000
600,Gigi,Mattussevich,gmattussevichgn@sun.com,Female,52.230.117.231,9/10/1987
601,Georgine,Russan,grussango@prweb.com,Female,58.188.27.191,1/23/1979
602,Berkly,Glancy,bglancygp@so-net.ne.jp,Male,115.62.26.254,6/8/1995
603,Fidelia,Margrett,fmargrettgq@youtu.be,Female,193.43.64.83,9/10/2006
604,Alanah,Danjoie,adanjoiegr@comsenz.com,Genderfluid,11.224.101.127,4/20/1973
605,Rustin,Canty,rcantygs@unblog.fr,Male,157.184.131.79,5/8/1970
606,Pavel,Dobrowlski,pdobrowlskigt@yolasite.com,Genderqueer,200.130.157.163,10/1/1984
607,Janice,Waywell,jwaywellgu@macromedia.com,Female,157.45.135.93,9/26/1976
608,Caroljean,Prudence,cprudencegv@hao123.com,Female,79.110.5.66,3/2/1979
609,Murvyn,McMennum,mmcmennumgw@usa.gov,Male,255.24.28.21,12/21/1966
610,Raymond,Ussher,russhergx@indiatimes.com,Male,217.36.140.190,8/26/1975
611,Jory,Chafer,jchafergy@weebly.com,Male,4.174.136.91,10/20/1960
612,Zeb,Hold,zholdgz@un.org,Male,92.211.169.16,9/3/1992
613,Lorrie,Hardbattle,lhardbattleh0@archive.org,Male,165.65.27.79,1/11/1991
614,Conni,Wetherby,cwetherbyh1@ehow.com,Female,191.229.232.181,10/16/1967
615,Leonore,O'Donnelly,lodonnellyh2@cdc.gov,Female,105.231.162.31,11/18/1985
616,Prescott,Boteman,pbotemanh3@multiply.com,Male,6.149.245.7,5/13/1999
617,Cassandre,Plumer,cplumerh4@squidoo.com,Female,228.102.197.91,11/17/1998
618,Tyne,Wheowall,twheowallh5@odnoklassniki.ru,Female,22.201.93.216,4/22/1993
619,Cleveland,Gerard,cgerardh6@discovery.com,Male,28.159.223.90,5/13/1985
620,Asia,Brandham,abrandhamh7@php.net,Female,96.25.213.106,1/16/1996
621,Winston,Scogings,wscogingsh8@wix.com,Male,82.118.234.122,3/11/1961
622,Butch,Brownsworth,bbrownsworthh9@github.com,Male,237.184.39.214,7/19/1977
623,Farrah,Cheley,fcheleyha@economist.com,Female,158.6.91.188,6/22/2003
624,Corinna,Jennings,cjenningshb@gnu.org,Female,182.37.228.178,6/23/1993
625,Orran,Bleaden,obleadenhc@psu.edu,Male,50.13.82.238,6/10/1979
626,Shelby,Ferreras,sferrerashd@studiopress.com,Female,154.181.233.27,10/24/2006
627,Darlene,Fitch,dfitchhe@newsvine.com,Female,114.201.50.248,7/31/2007
628,Jordan,Francis,jfrancishf@example.com,Male,54.131.91.211,5/11/1962
629,Paulie,Kollach,pkollachhg@intel.com,Male,205.228.54.234,6/10/1966
630,Rafaelita,Hayman,rhaymanhh@dropbox.com,Female,57.117.147.182,9/5/1962
631,Ario,Florentine,aflorentinehi@miibeian.gov.cn,Male,51.238.58.68,5/27/1962
632,Lizabeth,Tickel,ltickelhj@blogtalkradio.com,Female,84.37.107.204,6/2/1978
633,Emylee,Bigrigg,ebigrigghk@google.pl,Female,22.70.190.241,11/19/2008
634,Cass,Ewestace,cewestacehl@alibaba.com,Male,70.228.53.193,8/8/1991
635,Adolf,Picker,apickerhm@state.tx.us,Male,30.214.168.224,6/30/2008
636,Garrott,Cure,gcurehn@sohu.com,Male,207.102.12.205,4/18/1967
637,Caria,Basant,cbasantho@ucoz.com,Polygender,135.243.90.10,5/8/1981
638,Daveen,Biggadyke,dbiggadykehp@hugedomains.com,Female,163.178.183.60,8/26/1976
639,Robena,Simic,rsimichq@ted.com,Female,32.152.112.181,10/30/2001
640,Tiler,Siggs,tsiggshr@about.com,Male,220.98.144.80,11/22/1964
641,Burlie,Blinerman,bblinermanhs@jiathis.com,Male,139.201.68.222,2/21/1990
642,Hillier,Cammack,hcammackht@meetup.com,Male,96.88.59.76,7/8/1985
643,Russ,D'Almeida,rdalmeidahu@cpanel.net,Male,6.190.206.62,11/9/2009
644,Lisha,Hamshar,lhamsharhv@bbc.co.uk,Female,181.153.187.16,11/18/1996
645,Dex,Annear,dannearhw@ocn.ne.jp,Male,116.173.246.181,6/10/1987
646,Basile,Frantz,bfrantzhx@livejournal.com,Male,175.52.137.241,5/2/2009
647,Darnell,Thornborrow,dthornborrowhy@va.gov,Male,102.154.146.65,9/14/2003
648,Theobald,Legging,tlegginghz@weather.com,Male,184.57.194.212,2/25/1992
649,Jelene,MacDearmaid,jmacdearmaidi0@mozilla.org,Female,218.76.23.234,12/21/1995
650,Barth,Cubbit,bcubbiti1@phoca.cz,Male,239.99.253.97,10/13/1961
651,Coral,Coughan,ccoughani2@stanford.edu,Female,207.224.56.208,9/25/1997
652,Anthiathia,Batalle,abatallei3@shareasale.com,Female,174.73.250.93,6/11/1992
653,Corissa,Buckam,cbuckami4@fema.gov,Female,197.247.156.1,7/14/1966
654,Lemuel,Newgrosh,lnewgroshi5@canalblog.com,Male,141.168.174.104,4/27/1996
655,Linn,Kirman,lkirmani6@ehow.com,Male,158.119.48.19,7/29/1964
656,Ferguson,Dand,fdandi7@webs.com,Male,140.160.106.15,3/18/1992
657,Hedwiga,Sandbrook,hsandbrooki8@nydailynews.com,Female,76.135.24.140,4/25/1992
658,Marchelle,Snelman,msnelmani9@yandex.ru,Female,97.193.195.56,5/14/1984
659,Vassily,Pinch,vpinchia@youtu.be,Male,248.197.240.141,10/11/1987
660,Agna,Ruzic,aruzicib@yolasite.com,Female,246.63.186.34,1/26/1979
661,Fern,McHarry,fmcharryic@ft.com,Female,100.234.217.123,7/12/1986
662,Mimi,Alpes,malpesid@marriott.com,Female,192.220.165.120,5/11/2003
663,Emanuele,Wadie,ewadieie@arstechnica.com,Male,37.52.90.65,12/24/1967
664,Dacy,Oulner,doulnerif@noaa.gov,Female,96.35.26.43,2/14/1973
665,Kesley,Boyland,kboylandig@berkeley.edu,Female,202.69.33.249,6/21/1990
666,Orren,Wieprecht,owieprechtih@github.io,Male,105.179.19.185,11/23/1964
667,Trenna,Dominick,tdominickii@webs.com,Female,76.107.119.158,5/7/1963
668,Damaris,Larenson,dlarensonij@ft.com,Female,221.253.65.141,7/2/1972
669,Nancie,Bolesworth,nbolesworthik@sakura.ne.jp,Female,83.247.89.80,6/10/1971
670,Tad,Crinson,tcrinsonil@hc360.com,Male,130.24.56.40,1/25/1998
671,Lockwood,Bonsul,lbonsulim@chicagotribune.com,Bigender,215.38.186.95,3/17/1985
672,Ansel,Brazer,abrazerin@printfriendly.com,Male,17.228.193.128,4/11/1976
673,Kane,Foxhall,kfoxhallio@home.pl,Male,32.38.216.103,1/12/1966
674,Emalia,Waywell,ewaywellip@sun.com,Female,53.78.158.157,12/2/2009
675,Elie,Dashkov,edashkoviq@linkedin.com,Female,163.45.189.239,2/19/1967
676,Vi,Brickdale,vbrickdaleir@chron.com,Female,2.101.92.240,3/23/1976
677,Ike,Troppmann,itroppmannis@jalbum.net,Male,215.24.92.102,6/28/1997
678,Donavon,Euston,deustonit@pen.io,Male,226.211.150.237,4/28/1982
679,Alard,Lucius,aluciusiu@ft.com,Male,232.97.228.122,10/29/1994
680,Vanya,Maginot,vmaginotiv@blinklist.com,Male,11.92.255.254,11/25/1983
681,Gustavus,Godehard.sf,ggodehardsfiw@wikipedia.org,Genderfluid,70.141.75.244,9/2/1972
682,Angelico,Marcum,amarcumix@skyrock.com,Male,212.35.223.3,4/15/1991
683,Tynan,Leed,tleediy@nationalgeographic.com,Male,72.29.33.150,8/27/2006
684,Raynard,Londors,rlondorsiz@umn.edu,Male,124.93.191.242,6/6/1998
685,Scarface,Grzegorzewski,sgrzegorzewskij0@storify.com,Male,235.133.9.190,4/5/2005
686,Elena,Diviney,edivineyj1@clickbank.net,Female,84.51.207.59,12/3/1978
687,Erv,Riglar,eriglarj2@arstechnica.com,Male,20.126.248.8,4/26/1990
688,Jourdan,Rapa,jrapaj3@hc360.com,Female,100.69.175.101,12/1/1992
689,Phyllis,Raymond,praymondj4@dot.gov,Female,179.42.235.201,4/13/1998
690,Kristoffer,Zum Felde,kzumfeldej5@de.vu,Male,138.54.119.93,2/19/1972
691,Danila,Wardrope,dwardropej6@census.gov,Female,209.184.56.94,10/6/1994
692,Gibby,Bomb,gbombj7@ca.gov,Male,2.163.215.147,4/28/1962
693,Peri,McDermott-Row,pmcdermottrowj8@cocolog-nifty.com,Genderfluid,249.130.194.121,4/1/2003
694,Lenee,Holtham,lholthamj9@trellian.com,Female,217.31.99.146,4/18/1980
695,Elinor,Parcall,eparcallja@ning.com,Female,35.152.55.55,8/1/1981
696,Nertie,Sharper,nsharperjb@reddit.com,Female,153.56.93.63,3/2/2008
697,Gregorio,Anfosso,ganfossojc@microsoft.com,Non-binary,133.123.115.85,11/28/1984
698,Leonora,Quickenden,lquickendenjd@multiply.com,Female,36.51.121.102,9/17/1993
699,Tonnie,Milkeham,tmilkehamje@ucsd.edu,Male,154.187.86.164,8/4/1969
700,Jayne,Babin,jbabinjf@wikia.com,Female,67.10.201.244,3/11/1998
701,Wit,Dukesbury,wdukesburyjg@loc.gov,Male,169.50.231.163,12/28/1981
702,Leia,Crowder,lcrowderjh@eepurl.com,Female,116.36.23.192,2/8/1968
703,Theresa,Coldwell,tcoldwellji@histats.com,Female,135.97.155.13,11/30/1983
704,Nickolai,Hanalan,nhanalanjj@npr.org,Male,243.226.195.94,1/23/1998
705,Jade,Colerick,jcolerickjk@t.co,Female,141.240.205.121,12/28/1997
706,Hermione,Cargenven,hcargenvenjl@csmonitor.com,Female,187.31.249.139,6/6/1993
707,Maximilianus,Wiffill,mwiffilljm@springer.com,Male,154.133.194.78,1/29/2002
708,Joelynn,Blodg,jblodgjn@newsvine.com,Female,254.125.233.90,10/2/1994
709,Filberto,Hugli,fhuglijo@icq.com,Male,18.235.43.105,11/2/1983
710,Darrelle,Limpricht,dlimprichtjp@ed.gov,Polygender,190.77.255.102,3/24/1994
711,Randall,Glenwright,rglenwrightjq@deviantart.com,Male,63.159.166.39,5/1/1999
712,Kali,Mascall,kmascalljr@bravesites.com,Female,0.83.31.23,12/3/1971
713,Bink,Emeney,bemeneyjs@who.int,Male,203.66.199.229,3/13/1967
714,Vidovic,Cowerd,vcowerdjt@dell.com,Male,205.196.8.46,12/30/1977
715,Sybyl,Drinkale,sdrinkaleju@sfgate.com,Female,142.103.44.186,12/3/1978
716,Wernher,Leagas,wleagasjv@unicef.org,Male,246.172.206.118,2/24/1988
717,Vivianna,Thonason,vthonasonjw@princeton.edu,Female,53.25.20.34,5/25/2008
718,Ceil,Johnys,cjohnysjx@acquirethisname.com,Female,14.188.81.246,5/14/1999
719,Romy,Knagges,rknaggesjy@drupal.org,Female,126.91.23.218,10/16/1965
720,Westbrooke,Fewkes,wfewkesjz@behance.net,Male,117.158.168.125,12/28/1962
721,Whitney,Casham,wcashamk0@cdc.gov,Female,246.115.34.239,8/21/1997
722,Godiva,Cardo,gcardok1@eventbrite.com,Female,45.234.172.239,5/21/1997
723,Onfroi,Batram,obatramk2@istockphoto.com,Male,13.68.240.224,9/19/1960
724,Abbe,Ambroz,aambrozk3@pcworld.com,Male,202.252.176.167,7/9/2000
725,Fin,Tall,ftallk4@seattletimes.com,Male,38.177.59.25,4/24/2002
726,Casar,Murrish,cmurrishk5@squidoo.com,Male,243.14.6.77,5/5/1975
727,Germaine,Dandie,gdandiek6@gov.uk,Male,244.184.125.41,4/2/2005
728,Colman,Orhtmann,corhtmannk7@cpanel.net,Male,152.230.48.36,6/12/1987
729,Thomasa,Archbould,tarchbouldk8@newyorker.com,Female,113.95.0.89,2/26/1970
730,Korry,Slimming,kslimmingk9@yale.edu,Female,194.14.244.172,10/1/1972
731,Sonnnie,Rodders,srodderska@japanpost.jp,Female,29.167.186.217,5/10/1968
732,Braden,Darell,bdarellkb@pen.io,Male,118.26.27.212,3/2/1970
733,Jacqueline,Lezemere,jlezemerekc@csmonitor.com,Female,4.216.190.252,9/29/1975
734,Bibbie,Bensley,bbensleykd@ebay.co.uk,Female,62.149.176.114,8/30/2004
735,Steward,Lawtey,slawteyke@histats.com,Male,119.206.247.170,4/15/1995
736,Urban,O'Canavan,uocanavankf@sourceforge.net,Non-binary,9.226.37.110,8/14/1996
737,Clerc,Aluard,caluardkg@narod.ru,Male,59.226.110.72,11/4/1985
738,Donica,Brogini,dbroginikh@dell.com,Female,145.8.116.204,11/30/1993
739,Dollie,Jewsbury,djewsburyki@amazon.com,Non-binary,212.69.112.24,10/29/2004
740,Nicoline,Matteacci,nmatteaccikj@goo.gl,Female,237.139.169.172,10/29/1970
741,Pinchas,Miell,pmiellkk@apache.org,Male,255.167.37.83,9/23/1974
742,Carrie,Videler,cvidelerkl@merriam-webster.com,Female,69.245.36.174,9/29/1970
743,Eba,Nordass,enordasskm@eventbrite.com,Female,20.92.17.72,3/30/1972
744,Inger,Dumphries,idumphrieskn@economist.com,Genderqueer,193.208.168.21,10/19/1985
745,Jaymie,Patnelli,jpatnelliko@nationalgeographic.com,Male,246.242.203.0,4/13/1975
746,Tibold,Deacon,tdeaconkp@foxnews.com,Male,97.139.138.17,7/7/1963
747,Ddene,Siggin,dsigginkq@webnode.com,Female,150.52.77.251,12/4/1985
748,Noami,Minker,nminkerkr@arizona.edu,Female,215.246.29.201,10/23/1990
749,Margeaux,Cubuzzi,mcubuzziks@opensource.org,Female,33.146.199.71,11/20/1997
750,Jaimie,Unwins,junwinskt@unc.edu,Male,68.156.104.104,11/28/1985
751,Ody,Smeeth,osmeethku@answers.com,Male,179.253.244.21,2/10/2005
752,Loralyn,Hub,lhubkv@tinyurl.com,Female,79.177.39.17,7/17/1987
753,Dorolice,Vayro,dvayrokw@geocities.jp,Female,38.209.144.63,10/16/1985
754,Meridel,Chancelier,mchancelierkx@omniture.com,Female,211.135.100.7,3/23/2008
755,Clerissa,Meltetal,cmeltetalky@vistaprint.com,Agender,69.71.140.12,2/28/1991
756,Filippa,Anders,fanderskz@fastcompany.com,Female,202.42.97.232,11/25/1997
757,Carmelle,Shotton,cshottonl0@about.com,Bigender,173.16.30.175,4/1/1964
758,Eba,Laidler,elaidlerl1@whitehouse.gov,Female,205.34.143.49,1/21/1997
759,Delphinia,Rickhuss,drickhussl2@scribd.com,Female,119.6.94.56,4/21/2007
760,Pryce,Kelso,pkelsol3@weibo.com,Male,248.255.238.42,7/1/1995
761,Yetty,Mangin,ymanginl4@abc.net.au,Female,90.195.188.70,4/16/1987
762,Moll,Mileham,mmilehaml5@weebly.com,Female,222.24.26.150,11/17/1964
763,Kendall,O'Corrane,kocorranel6@paginegialle.it,Male,248.170.239.101,4/14/1980
764,Andie,Hissett,ahissettl7@free.fr,Genderqueer,231.31.117.45,7/27/1975
765,Garner,Bonhomme,gbonhommel8@hostgator.com,Male,40.224.198.149,7/25/2009
766,Eada,Wimbury,ewimburyl9@deviantart.com,Female,31.161.123.88,5/2/1968
767,Lilli,Bawme,lbawmela@list-manage.com,Female,220.151.50.90,9/14/1968
768,Petronia,Hoff,phofflb@edublogs.org,Female,35.224.182.94,9/2/2008
769,Reece,Themann,rthemannlc@oakley.com,Male,19.35.252.210,1/4/2001
770,Didi,Borthram,dborthramld@hud.gov,Polygender,173.103.6.112,5/2/2000
771,Steven,Kenyon,skenyonle@indiatimes.com,Male,171.209.222.30,4/9/1973
772,Uriel,Erricker,uerrickerlf@topsy.com,Male,184.238.214.235,4/15/1968
773,Kris,Smail,ksmaillg@bbb.org,Male,148.83.176.102,10/6/2005
774,Drugi,Hallin,dhallinlh@miitbeian.gov.cn,Male,176.201.240.51,7/26/1995
775,Loni,Breeze,lbreezeli@wunderground.com,Polygender,166.187.170.30,9/3/1977
776,Renard,Matushevitz,rmatushevitzlj@360.cn,Male,6.236.36.1,3/26/1968
777,Kayle,Tranter,ktranterlk@sciencedirect.com,Female,89.123.208.139,7/21/2002
778,Abbye,Brind,abrindll@wikimedia.org,Female,189.237.4.58,12/2/1998
779,Renato,Powton,rpowtonlm@istockphoto.com,Male,246.166.152.152,5/8/1962
780,Hamish,Cockshoot,hcockshootln@sphinn.com,Male,90.233.138.93,9/9/2005
781,Stephana,Madden,smaddenlo@w3.org,Female,12.89.190.103,8/18/1981
782,Cullin,Impey,cimpeylp@flavors.me,Male,205.173.112.108,1/16/1975
783,Robbie,Sainte Paul,rsaintepaullq@cyberchimps.com,Female,212.196.9.36,5/31/1989
784,Pietro,Akehurst,pakehurstlr@imdb.com,Male,239.143.100.37,7/18/1974
785,Elberta,Haddinton,ehaddintonls@oracle.com,Female,84.165.152.36,11/19/2003
786,Ken,Clews,kclewslt@cornell.edu,Male,165.171.139.215,7/29/1980
787,Bendite,Dietsche,bdietschelu@oracle.com,Polygender,227.94.101.156,4/28/1967
788,Bartlet,Mansfield,bmansfieldlv@github.io,Male,159.117.96.173,3/14/2008
789,Horten,Cardenas,hcardenaslw@chronoengine.com,Male,33.116.158.193,5/16/1989
790,Rebecca,Compfort,rcompfortlx@auda.org.au,Female,0.131.247.182,8/3/1977
791,Terza,Cherrison,tcherrisonly@technorati.com,Female,169.193.195.86,10/10/1982
792,Irvine,Mertel,imertellz@amazonaws.com,Male,22.123.241.217,6/15/1963
793,Cly,Handrahan,chandrahanm0@delicious.com,Male,74.177.189.135,10/22/1981
794,Christean,Dyton,cdytonm1@live.com,Female,124.226.174.4,9/12/1994
795,Meryl,Fabry,mfabrym2@ox.ac.uk,Female,220.43.250.210,10/25/1993
796,Clementina,Tankus,ctankusm3@utexas.edu,Female,8.176.154.215,1/1/2007
797,Paulo,Cordaroy,pcordaroym4@trellian.com,Male,67.237.217.208,7/19/1975
798,Eachelle,Nern,enernm5@tiny.cc,Female,114.236.218.246,7/9/1965
799,Emmery,McReynold,emcreynoldm6@nyu.edu,Male,96.89.56.169,10/30/1969
800,Minnnie,Fishbourne,mfishbournem7@answers.com,Female,203.234.183.233,3/1/1963
801,Kristofor,Ormesher,kormesherm8@examiner.com,Male,244.41.129.2,10/10/1971
802,Dasie,Andrew,dandrewm9@census.gov,Female,65.123.103.202,8/19/1985
803,Dory,Heather,dheatherma@marketwatch.com,Male,219.74.171.132,5/11/1965
804,Cherri,Symson,csymsonmb@slideshare.net,Female,106.104.109.141,7/25/1993
805,Theda,Blackford,tblackfordmc@xinhuanet.com,Female,150.58.192.23,1/12/1971
806,Axe,Chastanet,achastanetmd@dedecms.com,Male,225.140.10.222,11/13/1978
807,Tish,Skuse,tskuseme@nba.com,Polygender,73.115.197.126,3/5/1965
808,Skip,Kermannes,skermannesmf@nhs.uk,Male,213.129.250.42,11/14/1991
809,Cooper,Tipping,ctippingmg@hugedomains.com,Genderqueer,217.30.200.150,3/21/1987
810,Jeffie,Spruce,jsprucemh@ucoz.ru,Male,75.233.80.218,4/3/1962
811,Loria,Brosel,lbroselmi@creativecommons.org,Female,38.223.177.20,6/30/1964
812,Desirae,Ciani,dcianimj@dell.com,Female,169.218.146.152,6/21/1981
813,Neils,Boggis,nboggismk@omniture.com,Male,182.127.6.30,7/6/1969
814,Lewes,Gutteridge,lgutteridgeml@ning.com,Non-binary,127.14.135.235,9/11/1978
815,Emlyn,Melton,emeltonmm@redcross.org,Female,243.195.158.227,10/21/1966
816,Kasey,Beccera,kbecceramn@cam.ac.uk,Female,186.29.29.148,2/12/1973
817,Aliza,Crollman,acrollmanmo@examiner.com,Agender,113.71.112.29,4/3/1982
818,Karlik,Bilbee,kbilbeemp@moonfruit.com,Male,90.214.55.113,8/11/2003
819,Ramona,Lisimore,rlisimoremq@upenn.edu,Female,77.101.236.201,7/14/2005
820,Tonya,Alvarez,talvarezmr@tripod.com,Genderqueer,44.227.94.29,7/28/2007
821,Turner,Oury,touryms@marketwatch.com,Male,4.121.169.184,5/24/1977
822,Maxy,Boumphrey,mboumphreymt@live.com,Female,144.100.49.132,4/22/1990
823,Antoinette,Gibbons,agibbonsmu@moonfruit.com,Polygender,38.136.98.250,9/23/1968
824,Ingamar,Kehri,ikehrimv@ucla.edu,Genderqueer,41.6.23.94,8/11/1977
825,Ogdan,Oxtoby,ooxtobymw@imgur.com,Male,244.5.1.78,12/10/2000
826,Gwyn,Goding,ggodingmx@hibu.com,Female,217.210.145.215,12/7/1986
827,Errol,Churms,echurmsmy@engadget.com,Male,235.228.247.192,7/10/1983
828,Asher,Craven,acravenmz@wisc.edu,Male,68.213.10.201,6/25/1993
829,Nana,Arndtsen,narndtsenn0@xinhuanet.com,Female,136.108.193.17,11/7/1989
830,Tobiah,Chatain,tchatainn1@rambler.ru,Male,61.95.5.252,7/31/1999
831,Gerrie,Chander,gchandern2@facebook.com,Male,82.179.211.149,10/28/1965
832,Susie,Grent,sgrentn3@alexa.com,Female,206.236.66.124,12/25/1977
833,Elvin,McHardy,emchardyn4@plala.or.jp,Male,251.208.150.152,12/27/2007
834,Cecily,Iapico,ciapicon5@plala.or.jp,Female,168.167.2.255,11/13/1968
835,Peter,Duly,pdulyn6@wikispaces.com,Male,162.8.23.220,8/2/2008
836,Ian,Wankel,iwankeln7@jiathis.com,Male,220.182.0.56,6/28/1974
837,Isahella,Ingerson,iingersonn8@accuweather.com,Female,118.206.64.131,7/18/1977
838,Cherice,Allred,callredn9@hostgator.com,Female,106.211.84.242,4/18/2001
839,Willey,Ousbie,wousbiena@printfriendly.com,Male,211.97.197.249,2/2/1972
840,Vivie,Moakes,vmoakesnb@nih.gov,Genderfluid,58.251.168.23,2/14/1966
841,Sibylla,Schimek,sschimeknc@1und1.de,Female,164.13.159.243,7/14/1973
842,Broderic,Masey,bmaseynd@bizjournals.com,Male,121.185.233.180,12/3/1970
843,Antoine,Concklin,aconcklinne@hp.com,Male,84.77.235.77,11/30/1992
844,Katrina,Craze,kcrazenf@adobe.com,Genderfluid,83.28.153.253,4/18/1993
845,Mame,Thews,mthewsng@quantcast.com,Female,196.170.7.166,3/19/1999
846,Brigg,Perrelle,bperrellenh@dedecms.com,Male,165.82.143.215,12/26/1982
847,Munroe,Odde,moddeni@odnoklassniki.ru,Male,211.153.83.0,7/3/1962
848,Jeanette,Jakubovics,jjakubovicsnj@printfriendly.com,Female,127.205.77.202,8/22/1977
849,Joete,Zanolli,jzanollink@ocn.ne.jp,Female,164.36.154.210,7/24/1988
850,Jamey,Willbond,jwillbondnl@slate.com,Male,127.101.184.118,3/8/1963
851,Ara,Wemes,awemesnm@studiopress.com,Female,177.27.170.118,5/22/1975
852,Winny,Harmour,wharmournn@springer.com,Female,90.10.43.217,6/7/1979
853,Fairfax,Gorbell,fgorbellno@tuttocitta.it,Male,92.13.209.97,6/5/1961
854,Quentin,Nesey,qneseynp@quantcast.com,Female,108.149.109.68,1/6/1978
855,Gaston,Burden,gburdennq@tinyurl.com,Male,166.234.44.207,10/26/1966
856,Catarina,Brownsell,cbrownsellnr@ftc.gov,Female,135.5.101.13,3/7/1979
857,Anthony,Duesberry,aduesberryns@google.cn,Male,135.140.208.36,3/16/1989
858,Meredeth,Gogie,mgogient@miibeian.gov.cn,Bigender,21.115.44.159,7/19/1983
859,Michaeline,Grimstead,mgrimsteadnu@wikipedia.org,Female,43.52.44.64,8/10/1971
860,Fran,Garrettson,fgarrettsonnv@example.com,Bigender,103.255.98.155,12/27/2004
861,Kennith,Pfleger,kpflegernw@php.net,Male,113.187.250.64,10/29/1967
862,Donna,Munns,dmunnsnx@slate.com,Female,221.247.81.241,2/11/2000
863,Juditha,Gransden,jgransdenny@psu.edu,Female,23.203.128.184,1/18/1975
864,Finn,Blundon,fblundonnz@cdbaby.com,Male,85.145.196.27,11/22/1976
865,Mickey,Clinning,mclinningo0@free.fr,Male,195.47.75.103,5/16/1994
866,Steward,Ferreo,sferreoo1@about.me,Male,155.248.247.226,1/25/1999
867,Amery,Laudham,alaudhamo2@mashable.com,Male,80.172.98.57,12/31/1984
868,Rocky,Hooks,rhookso3@hugedomains.com,Male,67.134.164.166,3/21/1969
869,Hasty,Knightsbridge,hknightsbridgeo4@npr.org,Male,114.225.4.62,10/13/1970
870,Lazarus,Borsi,lborsio5@ucsd.edu,Bigender,0.38.210.243,11/22/1982
871,Gwyneth,Pettit,gpettito6@wiley.com,Female,200.123.72.232,1/22/1998
872,Veronique,Wedmore.,vwedmoreo7@dropbox.com,Female,97.146.216.57,9/18/2002
873,Charlena,Guerrin,cguerrino8@creativecommons.org,Female,32.1.46.99,8/7/1963
874,Lavinia,Moxted,lmoxtedo9@rambler.ru,Female,94.77.251.35,11/9/1991
875,Nickolas,Godar,ngodaroa@geocities.com,Genderqueer,12.248.216.83,12/26/1991
876,Lombard,Rabson,lrabsonob@vinaora.com,Male,127.101.133.28,6/20/1992
877,Darrell,Jedrachowicz,djedrachowiczoc@networkadvertising.org,Male,162.39.45.200,3/29/1962
878,Corilla,Bessent,cbessentod@pagesperso-orange.fr,Female,254.54.16.118,4/19/1964
879,Fayth,Pollicote,fpollicoteoe@businesswire.com,Female,15.197.136.240,1/14/1995
880,Woodrow,Mattocks,wmattocksof@adobe.com,Male,240.249.57.152,7/23/2000
881,Boniface,Latham,blathamog@indiegogo.com,Non-binary,246.217.72.245,1/20/2002
882,Winifield,Richel,wricheloh@de.vu,Male,33.194.125.180,2/27/2000
883,Idaline,Broose,ibrooseoi@google.ru,Female,82.206.92.111,3/5/1995
884,Neddie,Uvedale,nuvedaleoj@amazonaws.com,Male,71.208.229.95,9/16/1999
885,Marya,Simondson,msimondsonok@yellowpages.com,Female,101.79.86.119,6/9/1992
886,Fabio,Offner,foffnerol@twitter.com,Male,117.200.165.255,10/30/1963
887,Annie,Leneham,alenehamom@elegantthemes.com,Female,189.212.68.231,9/25/2007
888,Charo,Bohman,cbohmanon@dropbox.com,Female,99.35.198.46,2/11/1968
889,Lisette,Noble,lnobleoo@telegraph.co.uk,Female,25.142.2.218,3/31/1977
890,Stephana,D'Aguanno,sdaguannoop@reuters.com,Female,46.119.207.26,5/9/1999
891,Aidan,Beadman,abeadmanoq@123-reg.co.uk,Female,69.130.107.60,5/20/2004
892,Cord,Rutter,crutteror@wisc.edu,Genderfluid,213.44.207.63,1/31/1990
893,Liam,Aleswell,laleswellos@tiny.cc,Male,66.138.107.168,11/21/1974
894,Cad,Grace,cgraceot@gov.uk,Male,212.238.104.74,9/8/1986
895,Chuck,Breacher,cbreacherou@simplemachines.org,Male,98.211.18.59,1/25/1974
896,Cole,Van Oort,cvanoortov@a8.net,Male,25.57.79.123,12/11/1988
897,Reamonn,Dumbarton,rdumbartonow@163.com,Male,7.209.243.1,9/8/1999
898,Joyce,Flancinbaum,jflancinbaumox@sohu.com,Female,49.66.22.143,10/28/1965
899,Mart,Libbis,mlibbisoy@instagram.com,Male,153.175.169.181,7/27/1994
900,Ame,Seabrooke,aseabrookeoz@networkadvertising.org,Female,81.40.35.133,5/29/1976
901,Peyton,Sizey,psizeyp0@tuttocitta.it,Male,48.225.119.130,2/19/1980
902,Tabbi,Papachristophorou,tpapachristophoroup1@163.com,Female,189.130.228.157,3/6/2002
903,Malanie,McGirr,mmcgirrp2@ihg.com,Female,27.223.133.160,9/7/2006
904,Tildi,Peracco,tperaccop3@wikispaces.com,Non-binary,63.17.94.110,7/29/1968
905,Rahal,Dewdeny,rdewdenyp4@ifeng.com,Female,217.157.16.234,1/29/1989
906,Mallissa,Hammonds,mhammondsp5@miitbeian.gov.cn,Female,170.31.73.68,10/19/2009
907,Elinor,Wozencroft,ewozencroftp6@reference.com,Female,120.215.121.78,2/10/2004
908,Jehu,Chander,jchanderp7@jugem.jp,Male,12.83.169.173,10/17/2006
909,Rowen,Wykey,rwykeyp8@seattletimes.com,Male,115.49.20.148,1/18/1961
910,Florentia,Wraxall,fwraxallp9@hud.gov,Female,217.75.230.227,9/4/1969
911,Salvidor,Hurlston,shurlstonpa@comcast.net,Polygender,196.211.68.74,4/27/2009
912,Niel,Pinnion,npinnionpb@bizjournals.com,Male,81.109.218.157,12/4/1960
913,Cori,Fernihough,cfernihoughpc@guardian.co.uk,Male,51.178.1.85,7/22/1976
914,Yetta,Alliberton,yallibertonpd@nasa.gov,Female,206.250.77.66,5/30/1969
915,Garfield,Pashan,gpashanpe@abc.net.au,Male,226.70.35.245,5/24/1981
916,Erma,Garrand,egarrandpf@ocn.ne.jp,Female,55.61.198.170,5/11/2009
917,Adelbert,Drage,adragepg@cpanel.net,Male,240.187.252.135,3/11/1986
918,Charin,Harle,charleph@state.gov,Female,114.106.179.34,6/8/1991
919,Rivkah,Kempton,rkemptonpi@engadget.com,Female,46.116.91.161,9/29/1990
920,Cass,Ibotson,cibotsonpj@blogs.com,Female,228.164.200.173,5/7/1997
921,Nathan,Elcock,nelcockpk@bbc.co.uk,Male,100.1.11.106,6/23/1992
922,Leta,Lindenman,llindenmanpl@yellowpages.com,Female,224.127.76.85,5/26/1990
923,Riccardo,Crowche,rcrowchepm@cnn.com,Male,71.28.172.234,3/29/1980
924,Doe,Sautter,dsautterpn@jigsy.com,Female,157.191.165.181,9/1/2008
925,Brien,Jiran,bjiranpo@comsenz.com,Male,20.200.150.28,8/21/1983
926,Freemon,Sporner,fspornerpp@microsoft.com,Male,136.204.213.41,4/2/1996
927,Jdavie,Burrill,jburrillpq@japanpost.jp,Male,95.20.112.144,3/6/1973
928,Brigitta,Bosnell,bbosnellpr@nationalgeographic.com,Female,137.143.106.140,12/11/1963
929,Emera,Gislebert,egislebertps@ebay.com,Female,228.53.77.127,10/10/1963
930,Sibley,Burborough,sburboroughpt@blogger.com,Female,237.134.26.148,7/18/2006
931,Adrian,McIleen,amcileenpu@mozilla.org,Male,64.24.54.141,11/10/1965
932,Charin,Biddulph,cbiddulphpv@sciencedirect.com,Female,216.139.118.181,8/1/2001
933,Scotty,Kleiser,skleiserpw@google.ca,Male,173.48.213.131,2/11/2002
934,Osbert,Tesche,oteschepx@yellowbook.com,Male,244.62.132.27,2/15/1998
935,Lettie,Walstow,lwalstowpy@businessinsider.com,Female,225.136.130.224,5/13/1963
936,Estel,Murrie,emurriepz@deliciousdays.com,Female,144.243.54.137,12/17/2005
937,Monica,Tavinor,mtavinorq0@pcworld.com,Female,88.143.100.17,9/16/1983
938,Ilise,De Filippi,idefilippiq1@huffingtonpost.com,Female,21.39.43.5,2/22/1963
939,Genevieve,Shillington,gshillingtonq2@dailymail.co.uk,Female,134.52.114.248,2/5/1984
940,Cherilyn,Kupec,ckupecq3@webnode.com,Female,242.225.31.183,4/2/1990
941,Juanita,Gowing,jgowingq4@amazon.de,Female,228.150.65.63,2/24/1987
942,Roddy,Hatherall,rhatherallq5@vk.com,Male,109.190.217.125,1/25/1979
943,Graig,Gullane,ggullaneq6@lycos.com,Male,236.71.165.197,4/4/1983
944,Garold,Kun,gkunq7@hc360.com,Male,239.50.17.45,9/10/1979
945,Dev,Basley,dbasleyq8@over-blog.com,Male,29.157.22.1,2/15/1969
946,Mylo,Tollit,mtollitq9@dion.ne.jp,Male,47.141.19.255,6/19/1982
947,Vassili,Bruton,vbrutonqa@odnoklassniki.ru,Non-binary,5.37.55.249,4/18/1974
948,Dukie,Rudinger,drudingerqb@soup.io,Male,213.87.138.221,12/31/1993
949,Rozella,Greenroad,rgreenroadqc@tinyurl.com,Female,32.58.53.106,3/4/1971
950,Conrade,Arch,carchqd@drupal.org,Male,34.250.216.199,10/2/1990
951,Mar,Dungee,mdungeeqe@ox.ac.uk,Male,215.23.102.94,9/13/1964
952,Winslow,Kelsey,wkelseyqf@woothemes.com,Male,92.133.129.7,12/23/1976
953,Leonie,Cathenod,lcathenodqg@dedecms.com,Female,177.118.142.14,3/3/1998
954,Ban,Nornable,bnornableqh@harvard.edu,Male,59.224.217.7,4/24/1980
955,Patin,Bissell,pbissellqi@zdnet.com,Male,151.236.142.29,7/16/2001
956,Randal,MacKonochie,rmackonochieqj@squidoo.com,Male,140.69.158.245,10/27/2006
957,Bartholomew,Whistance,bwhistanceqk@phoca.cz,Male,38.82.107.247,6/20/1974
958,Iolanthe,Lorentz,ilorentzql@ucsd.edu,Female,92.221.140.254,7/2/1972
959,Garold,Speeding,gspeedingqm@about.com,Male,51.58.225.31,5/22/1966
960,Kelsey,Doring,kdoringqn@opera.com,Male,181.33.127.146,11/18/1971
961,Obadias,Reuble,oreubleqo@slashdot.org,Genderfluid,239.237.153.50,9/5/2002
962,Cesar,Mansbridge,cmansbridgeqp@unc.edu,Male,241.99.201.135,3/30/1970
963,Riki,Chisholm,rchisholmqq@icq.com,Female,51.243.182.5,2/27/1997
964,Kalli,Itzhaki,kitzhakiqr@bing.com,Female,40.43.58.158,12/26/2007
965,Row,Huton,rhutonqs@google.it,Agender,115.199.78.101,3/17/1992
966,Diane-marie,Meredith,dmeredithqt@ycombinator.com,Genderfluid,136.49.157.165,5/11/1963
967,Demetri,Lumbly,dlumblyqu@php.net,Male,107.10.198.175,9/29/1978
968,Ricky,Hobbing,rhobbingqv@is.gd,Female,24.120.186.30,8/13/1987
969,Trent,Piesing,tpiesingqw@networkadvertising.org,Bigender,147.246.67.43,8/26/1980
970,Peterus,Warcup,pwarcupqx@imgur.com,Male,82.197.208.42,12/26/2008
971,Natty,Riccardelli,nriccardelliqy@yelp.com,Male,104.47.86.9,9/9/1992
972,Kimberlee,Kidder,kkidderqz@unesco.org,Female,157.95.122.89,5/5/1997
973,Linn,Grolle,lgroller0@ycombinator.com,Female,173.127.160.179,4/30/1971
974,Harwell,Cotillard,hcotillardr1@jalbum.net,Male,204.146.146.103,12/24/1964
975,Putnem,Revely,prevelyr2@wix.com,Genderqueer,102.217.231.89,12/1/2006
976,Florentia,Yatman,fyatmanr3@cloudflare.com,Female,63.167.239.146,11/24/1968
977,Beryle,Astridge,bastridger4@springer.com,Female,42.246.50.38,1/12/1984
978,Seka,Durrand,sdurrandr5@surveymonkey.com,Female,6.216.221.184,2/17/1980
979,Shayne,Handy,shandyr6@jugem.jp,Female,70.241.56.212,1/22/1970
980,Alaster,Farmloe,afarmloer7@ox.ac.uk,Male,208.31.175.170,12/14/1961
981,Othilia,Bockin,obockinr8@t-online.de,Female,183.16.117.133,4/11/1992
982,Janos,Sandiford,jsandifordr9@joomla.org,Male,84.76.157.125,12/23/1970
983,Dean,Flew,dflewra@t-online.de,Non-binary,83.196.16.70,3/5/1976
984,Dedra,Beardow,dbeardowrb@ifeng.com,Female,106.63.22.17,3/6/1977
985,Bayard,Benger,bbengerrc@dyndns.org,Agender,37.135.210.42,2/4/1969
986,Heindrick,Revie,hrevierd@globo.com,Male,190.250.253.90,5/7/1977
987,Kimmi,Blanden,kblandenre@cnbc.com,Female,139.146.79.83,10/29/1974
988,Hilliary,Senecaut,hsenecautrf@netvibes.com,Female,46.84.21.12,8/1/1989
989,Lance,Louder,llouderrg@ycombinator.com,Male,24.204.96.204,2/26/1978
990,Tull,Fishly,tfishlyrh@cornell.edu,Genderfluid,94.166.192.187,1/15/1987
991,Kelcey,Costell,kcostellri@redcross.org,Female,197.210.146.77,1/10/2003
992,Kellie,Robertazzi,krobertazzirj@msn.com,Female,74.22.81.200,12/4/1982
993,Frank,Stait,fstaitrk@i2i.jp,Male,152.174.220.47,3/9/1966
994,Carry,Reiners,creinersrl@hexun.com,Female,101.102.29.213,12/11/2002
995,Shae,Capstack,scapstackrm@flavors.me,Male,95.15.9.29,11/10/1972
996,Shanie,Skyppe,sskyppern@zimbio.com,Polygender,111.51.10.174,12/12/1992
997,Bonni,Rome,bromero@dion.ne.jp,Female,52.154.49.71,8/3/2003
998,Truman,Gilchriest,tgilchriestrp@xinhuanet.com,Male,69.25.177.16,1/3/1974
999,Lindie,Lauks,llauksrq@wisc.edu,Female,101.63.203.163,7/8/1964
1000,Margarita,Tuny,mtunyrr@example.com,Female,242.111.195.85,4/27/2006
